####
#
# OBJ File Generated by Meshlab
#
####
# Object bunny.obj
#
# Vertices: 2503
# Faces: 4968
#
####
vn -0.090072 0.977788 0.189256
v -0.003410 0.130320 0.021754
vn -0.366074 0.860227 0.354965
v -0.081719 0.152501 0.029656
vn 0.191323 0.954891 -0.227108
v -0.030543 0.124779 0.001098
vn -0.264504 0.570988 0.777181
v -0.024902 0.112111 0.037560
vn -0.610248 -0.067166 -0.789358
v -0.018406 0.178431 -0.024220
vn 0.233223 0.713555 0.660641
v 0.019068 0.121449 0.031968
vn 0.059465 0.732640 0.678013
v 0.006041 0.124944 0.032653
vn 0.830729 -0.141661 0.538351
v -0.013469 0.162994 -0.012000
vn 0.603848 0.037991 0.796193
v -0.034393 0.172367 -0.000982
vn -0.858571 -0.089429 -0.504835
v -0.084314 0.109573 0.003710
vn -0.598000 0.801418 0.011240
v -0.042234 0.172116 -0.004180
vn 0.842759 0.449639 0.295942
v -0.063308 0.156606 -0.013839
vn -0.746828 0.593237 0.300530
v -0.076904 0.167080 -0.026931
vn 0.076577 -0.568463 0.819137
v -0.072254 0.115396 0.051670
vn 0.125263 0.383031 0.915203
v 0.012981 0.113664 0.038303
vn 0.236414 0.454093 0.859015
v -0.037857 0.170101 0.001424
vn 0.182168 -0.013264 0.983178
v 0.004869 0.037962 0.045868
vn -0.280291 0.340711 0.897414
v -0.057181 0.040919 0.046301
vn 0.290017 0.189178 0.938137
v -0.045209 0.038839 0.044504
vn 0.337631 0.930005 -0.145245
v -0.033761 0.126179 0.001713
vn 0.237994 0.491679 0.837622
v -0.050242 0.157737 0.009394
vn 0.624519 -0.449719 0.638536
v -0.021217 0.158879 -0.004692
vn -0.361127 0.828609 0.427778
v -0.056473 0.157784 0.008179
vn 0.093335 0.358935 0.928684
v -0.052802 0.041320 0.046170
vn 0.260459 0.455767 0.851139
v -0.049960 0.043102 0.044463
vn -0.505798 -0.427414 0.749323
v -0.029749 0.036540 0.052493
vn 0.264673 0.204567 0.942391
v -0.003544 0.042660 0.047542
vn 0.170202 0.044510 0.984403
v 0.004930 0.041983 0.045723
vn -0.577199 0.215196 -0.787739
v -0.039088 0.168720 -0.011925
vn -0.186360 0.709725 0.679382
v -0.056901 0.045437 0.043237
vn 0.272145 0.300312 0.914193
v -0.041245 0.043099 0.042130
vn -0.380074 0.505838 0.774385
v -0.026472 0.045035 0.051219
vn 0.127555 0.337599 0.932607
v -0.021867 0.044023 0.053244
vn 0.582454 0.129748 0.802442
v -0.036996 0.168993 0.001326
vn 0.602581 0.699648 0.383913
v -0.067217 0.161713 -0.013734
vn -0.058205 0.781322 0.621408
v 0.049760 0.070235 0.023732
vn 0.077778 0.746979 0.660283
v -0.049187 0.046411 0.041170
vn 0.161603 0.518568 0.839626
v -0.044590 0.043798 0.042685
vn 0.021459 0.441344 0.897081
v -0.043686 0.047155 0.040286
vn -0.046416 0.623961 0.780076
v -0.022492 0.046514 0.051885
vn 0.216859 0.237310 0.946919
v -0.006517 0.045036 0.047503
vn 0.062330 -0.444265 0.893725
v 0.000377 0.044936 0.046520
vn 0.770617 0.574420 0.276027
v 0.034024 0.113539 0.024595
vn 0.335233 0.456269 0.824280
v -0.026468 0.181043 -0.008081
vn 0.146239 0.727834 0.669979
v -0.017533 0.047964 0.048830
vn -0.036629 -0.493714 0.868853
v -0.007001 0.046417 0.047486
vn 0.161206 -0.689226 0.706385
v 0.005986 0.046689 0.049074
vn 0.409375 -0.569028 0.713175
v 0.009101 0.048474 0.049353
vn 0.024297 0.538985 0.841965
v -0.035454 0.112448 0.035055
vn 0.025088 0.512802 0.858140
v -0.075983 0.138208 0.049217
vn 0.080421 -0.561526 0.823542
v 0.034838 0.043153 0.028954
vn -0.074149 0.904329 0.420347
v -0.052656 0.048494 0.038731
vn -0.132938 0.582047 0.802215
v -0.047379 0.048457 0.039127
vn 0.023973 0.302776 0.952760
v -0.038934 0.046364 0.040365
vn -0.309886 0.731003 0.607952
v -0.026469 0.047816 0.049323
vn 0.003178 0.825143 0.564914
v -0.022366 0.048074 0.050127
vn -0.031333 0.067630 0.997218
v -0.013373 0.047892 0.047884
vn -0.272154 -0.507977 0.817246
v -0.012193 0.049470 0.049484
vn -0.074315 -0.732369 0.676840
v -0.000634 0.047193 0.049137
vn 0.139284 -0.496008 0.857074
v 0.002066 0.050105 0.052290
vn -0.133060 0.813790 0.565722
v -0.022749 0.049884 0.046606
vn -0.214959 0.249432 0.944233
v -0.018002 0.049918 0.046948
vn -0.192769 -0.560817 0.805186
v -0.007804 0.050169 0.050989
vn -0.119819 -0.523969 0.843267
v -0.002684 0.051247 0.053187
vn 0.793313 0.545488 0.270364
v -0.063876 0.161401 -0.020064
vn 0.263746 -0.450853 0.852743
v 0.032434 0.045334 0.030317
vn -0.855361 0.029040 -0.517217
v -0.088065 0.124968 0.000574
vn 0.148218 0.432414 0.889410
v -0.041504 0.167485 0.003277
vn 0.852961 0.478499 0.208556
v -0.064457 0.153429 -0.005118
vn 0.049045 0.433272 0.899927
v -0.034303 0.050520 0.038286
vn -0.330811 0.804577 0.493174
v -0.022949 0.051021 0.043926
vn -0.292260 -0.374079 0.880141
v -0.014355 0.054428 0.050710
vn 0.207416 -0.205646 0.956393
v 0.001377 0.052303 0.053149
vn 0.105496 -0.213059 0.971327
v 0.003629 0.053199 0.053423
vn 0.309287 -0.404705 0.860555
v 0.008072 0.051574 0.051774
vn 0.357503 0.270435 0.893899
v -0.072666 0.130056 0.051668
vn -0.145810 -0.035483 0.988676
v 0.037993 0.049793 0.031902
vn -0.029204 -0.311338 0.949850
v 0.038497 0.048062 0.031737
vn 0.469154 0.860971 0.196526
v 0.021504 0.125640 0.021253
vn -0.936530 -0.228549 -0.265850
v -0.076481 0.148274 -0.008938
vn -0.732962 -0.229790 -0.640283
v -0.087240 0.119672 -0.000178
vn -0.197960 0.697879 0.688315
v -0.043720 0.168227 0.002343
vn -0.101296 0.797811 0.594337
v -0.040652 0.122665 0.026290
vn -0.669048 0.104734 0.735802
v -0.046686 0.054571 0.037587
vn -0.226442 0.162369 0.960396
v -0.044072 0.051058 0.038978
vn 0.085820 0.102604 0.991013
v -0.038144 0.050600 0.039302
vn -0.568271 0.232016 0.789453
v -0.019876 0.051608 0.046142
vn -0.497161 -0.372209 0.783767
v -0.016911 0.051844 0.048459
vn -0.395853 -0.363395 0.843353
v -0.016249 0.054292 0.050307
vn -0.263143 -0.343867 0.901394
v -0.010447 0.053686 0.051959
vn -0.237374 -0.159810 0.958183
v -0.004309 0.054467 0.053908
vn 0.239317 -0.143782 0.960236
v 0.007815 0.055051 0.052750
vn 0.794411 0.494116 -0.353214
v 0.037955 0.104887 -0.003203
vn -0.174973 -0.017046 0.984426
v -0.079004 0.128505 0.053149
vn -0.277877 0.454043 0.846540
v -0.079779 0.134489 0.050990
vn 0.646696 0.301238 0.700743
v -0.059130 0.150397 0.034490
vn 0.303332 0.594335 0.744819
v -0.065692 0.149618 0.038161
vn 0.315734 0.883039 0.347208
v -0.031952 0.125184 0.019401
vn 0.345207 0.780507 0.521191
v -0.069373 0.160618 -0.009190
vn 0.869920 0.373664 0.321890
v -0.045226 0.129355 0.020378
vn -0.142068 -0.141046 0.979756
v -0.041879 0.056164 0.039797
vn 0.122354 0.070125 0.990006
v -0.030615 0.054413 0.036694
vn -0.626173 0.433882 0.647807
v -0.024788 0.052606 0.040840
vn -0.770875 -0.120204 0.625542
v -0.021589 0.056837 0.045467
vn 0.129252 -0.190852 0.973072
v -0.000243 0.054536 0.054641
vn -0.388665 -0.233606 0.891273
v -0.080901 0.125587 0.052155
vn 0.173145 0.632819 0.754693
v -0.029996 0.178111 -0.005236
vn 0.022656 -0.124344 0.991980
v 0.035515 0.050450 0.031440
vn 0.107562 -0.114142 0.987624
v 0.043316 0.052146 0.032492
vn 0.094180 0.853319 0.512812
v -0.063939 0.152627 0.034481
vn -0.482133 -0.107744 0.869448
v -0.044489 0.061078 0.039545
vn 0.175461 -0.171207 0.969485
v -0.038980 0.057996 0.040151
vn -0.911110 -0.327333 -0.250462
v -0.079088 0.170445 -0.041373
vn -0.081538 -0.285989 0.954758
v -0.004625 0.057760 0.053991
vn -0.162389 0.034262 0.986132
v -0.001499 0.055925 0.054631
vn 0.183089 -0.243838 0.952377
v 0.005198 0.057018 0.053424
vn 0.024974 0.703778 0.709981
v 0.000031 0.123157 0.034750
vn 0.771235 0.615226 0.163380
v 0.033568 0.115237 0.021798
vn 0.267890 0.005408 0.963434
v 0.038686 0.056451 0.031189
vn 0.331519 -0.083119 0.939780
v -0.034386 0.054096 0.038060
vn -0.167655 -0.273520 0.947142
v -0.008531 0.060159 0.055309
vn -0.057131 -0.235636 0.970161
v -0.000440 0.058343 0.054483
vn -0.785254 -0.581376 0.213021
v -0.091079 0.115060 0.040142
vn -0.148675 0.167258 0.974639
v 0.040775 0.054557 0.032015
vn 0.065850 0.213787 0.974658
v 0.045637 0.057403 0.031992
vn 0.389717 0.843720 0.369130
v 0.020359 0.124487 0.025906
vn -0.227420 0.931206 -0.284843
v -0.014170 0.127679 0.001308
vn -0.370981 -0.350825 0.859823
v -0.011988 0.057493 0.052752
vn 0.102075 -0.442272 0.891053
v 0.003251 0.059829 0.055464
vn -0.230485 0.769840 0.595166
v -0.012395 0.122647 0.033588
vn 0.343842 0.690524 0.636357
v 0.013814 0.123222 0.032503
vn -0.179797 0.970592 0.160073
v -0.077004 0.155213 0.024535
vn -0.375070 -0.159912 0.913099
v -0.028001 0.061075 0.037471
vn -0.061931 -0.398308 0.915159
v -0.000855 0.060594 0.055825
vn 0.078347 0.579591 0.811132
v -0.038050 0.115271 0.033179
vn -0.327093 0.815894 0.476788
v -0.016231 0.123829 0.029577
vn 0.529126 -0.498579 0.686618
v -0.025374 0.158400 -0.001480
vn 0.000493 0.952258 0.305295
v -0.067819 0.154544 0.030234
vn -0.065189 -0.311167 0.948117
v -0.004308 0.061419 0.055688
vn -0.015221 0.575550 0.817625
v -0.003196 0.119125 0.038350
vn -0.101115 0.672119 0.733507
v -0.006429 0.122011 0.035741
vn -0.109299 0.411511 0.904827
v 0.042313 0.059099 0.030848
vn 0.125015 0.301907 0.945105
v 0.048510 0.061781 0.030347
vn 0.306972 0.115344 0.944703
v 0.050412 0.060313 0.030245
vn 0.081760 -0.164432 0.982994
v -0.039186 0.063075 0.041383
vn 0.333560 -0.195070 0.922326
v -0.034449 0.060780 0.039544
vn -0.249794 -0.141358 0.957925
v -0.014746 0.065584 0.053731
vn 0.069899 -0.165129 0.983792
v 0.002665 0.062700 0.056525
vn -0.251521 0.636100 0.729461
v -0.013992 0.119626 0.036252
vn 0.285681 0.462447 0.839363
v 0.019659 0.112362 0.037545
vn 0.280779 0.443778 0.851014
v -0.032597 0.174987 -0.002595
vn 0.038703 0.876444 0.479945
v -0.002151 0.099437 0.049850
vn -0.289957 -0.860207 0.419487
v -0.056001 0.061831 0.027931
vn -0.244425 -0.830864 0.499921
v -0.054707 0.063462 0.031671
vn -0.896047 -0.162483 0.413158
v -0.051308 0.060522 0.031435
vn -0.125920 -0.155476 0.979781
v -0.041979 0.069630 0.041825
vn 0.286372 -0.189573 0.939177
v -0.030272 0.062475 0.037982
vn -0.265738 -0.030663 0.963557
v -0.011388 0.064742 0.054918
vn 0.279514 -0.040222 0.959299
v 0.006954 0.064700 0.055599
vn 0.913924 0.298544 -0.274981
v 0.043015 0.097691 0.001026
vn 0.630069 0.060525 0.774177
v 0.040636 0.061575 0.029841
vn -0.116966 0.494861 0.861064
v 0.046184 0.061910 0.030223
vn 0.815026 0.419927 0.399242
v 0.037553 0.106853 0.026303
vn -0.993762 0.073634 0.083751
v -0.078641 0.163872 -0.028388
vn 0.896061 0.313708 -0.314105
v -0.061996 0.147615 -0.004326
vn -0.115315 -0.092136 0.989047
v -0.005750 0.065489 0.056173
vn 0.070913 0.021639 0.997248
v 0.000254 0.065741 0.056569
vn -0.322018 0.689529 0.648732
v -0.020543 0.119795 0.033004
vn 0.046131 0.852879 0.520066
v 0.004316 0.127826 0.028647
vn -0.446324 -0.350176 0.823512
v -0.046550 0.067652 0.039636
vn -0.417130 -0.289601 0.861472
v -0.017421 0.069659 0.054090
vn -0.059492 -0.247089 0.967165
v -0.015242 0.070910 0.055005
vn -0.278948 -0.202460 0.938721
v -0.010283 0.068926 0.055290
vn 0.123903 -0.180975 0.975652
v -0.000113 0.069288 0.056580
vn -0.014080 0.642283 0.766339
v -0.036309 0.118769 0.030674
vn -0.546580 -0.764413 0.341939
v -0.070326 0.063368 0.019809
vn 0.131539 0.425724 0.895241
v 0.043023 0.063796 0.028039
vn 0.902823 0.076948 0.423072
v 0.042831 0.085556 0.027874
vn 0.396698 0.875936 0.274529
v 0.016982 0.127150 0.022931
vn 0.169866 0.970986 -0.168318
v -0.042121 0.128251 0.001075
vn 0.303094 0.703546 0.642773
v 0.016329 0.122519 0.031375
vn -0.309210 0.925355 0.219335
v -0.081264 0.153812 0.025898
vn -0.563439 0.272269 -0.780004
v -0.032258 0.088193 -0.025131
vn -0.105050 -0.261143 0.959567
v -0.013775 0.070888 0.054696
vn 0.174385 -0.036588 0.983998
v 0.005293 0.068006 0.055670
vn 0.223309 -0.076817 0.971716
v 0.007696 0.072376 0.056062
vn 0.084213 0.608499 0.789073
v 0.003483 0.120026 0.036912
vn 0.189892 0.465423 0.864478
v 0.006653 0.116736 0.038716
vn -0.095876 0.609960 0.786611
v 0.046087 0.066474 0.026809
vn 0.318511 0.391151 0.863453
v 0.052327 0.064327 0.028282
vn 0.111094 0.196155 -0.974259
v -0.061898 0.122971 -0.008773
vn 0.033716 0.229776 -0.972659
v -0.006393 0.105245 -0.022842
vn 0.264885 -0.113941 0.957525
v -0.035218 0.068560 0.041381
vn 0.362316 -0.158666 0.918451
v -0.032690 0.067730 0.040124
vn -0.046862 -0.242750 0.968956
v -0.029245 0.069552 0.039369
vn -0.091838 -0.336219 0.937295
v -0.005002 0.069655 0.056893
vn 0.253259 0.574286 0.778495
v 0.016574 0.118902 0.035042
vn -0.985514 0.126738 0.112692
v -0.089385 0.099024 0.017522
vn 0.265973 0.724264 0.636160
v 0.045719 0.069489 0.023549
vn 0.378962 0.606679 0.698805
v 0.054537 0.068797 0.024518
vn -0.142005 -0.212988 0.966680
v -0.044989 0.071577 0.041929
vn -0.117443 0.918493 0.377596
v -0.004244 0.129149 0.025829
vn -0.187415 -0.102921 0.976874
v -0.073880 0.120916 0.053396
vn 0.070349 0.626275 0.776422
v -0.074034 0.144069 0.044995
vn 0.048560 0.636691 0.769589
v 0.050400 0.067292 0.026851
vn -0.616215 0.173051 -0.768331
v -0.054057 0.156716 -0.002487
vn 0.568772 0.716940 0.403107
v 0.026148 0.120147 0.027308
vn -0.204924 0.978039 -0.038018
v -0.010736 0.129903 0.010994
vn -0.008116 -0.145005 -0.989398
v -0.045079 0.087261 -0.021866
vn 0.061707 -0.065842 0.995920
v -0.038341 0.068844 0.041846
vn -0.451247 -0.288821 0.844369
v -0.029256 0.075169 0.041186
vn 0.037171 0.519883 0.853429
v -0.047311 0.162960 0.006074
vn -0.309971 -0.252381 0.916636
v -0.011866 0.073184 0.056250
vn -0.188314 -0.275698 0.942618
v -0.006373 0.072184 0.057973
vn 0.077341 -0.290886 0.953627
v -0.002994 0.072186 0.058167
vn -0.518371 0.747015 -0.416245
v -0.025781 0.093778 -0.028388
vn -0.264567 0.553297 0.789853
v -0.016693 0.115686 0.037853
vn -0.891669 -0.024282 0.452036
v -0.084123 0.108320 0.024731
vn -0.468778 0.780393 0.413805
v -0.074294 0.163568 -0.015534
vn -0.985255 0.158231 -0.065076
v -0.094297 0.126177 0.019225
vn 0.190358 0.896157 0.400831
v -0.035207 0.125052 0.021636
vn 0.064081 -0.579578 0.812394
v -0.049496 0.073436 0.041674
vn 0.175893 -0.136523 0.974897
v -0.033064 0.076655 0.041278
vn -0.249719 -0.090707 0.964061
v -0.007316 0.073920 0.057972
vn 0.301899 -0.147072 0.941927
v 0.000022 0.073496 0.057697
vn 0.158824 -0.089559 0.983237
v 0.004193 0.072915 0.056299
vn -0.233959 0.691829 0.683107
v -0.077256 0.145659 0.043123
vn 0.859600 0.127867 -0.494710
v 0.041073 0.088724 -0.009788
vn 0.806871 0.497269 -0.318878
v 0.037419 0.108508 0.000340
vn -0.058900 -0.484888 0.872590
v -0.055111 0.074688 0.041940
vn -0.094428 -0.024839 0.995222
v -0.042740 0.076995 0.042804
vn 0.015259 0.998932 0.043605
v -0.068531 0.156300 0.020998
vn -0.196860 -0.091134 0.976187
v -0.009944 0.076343 0.057389
vn -0.014488 -0.021021 0.999674
v -0.003248 0.075711 0.058715
vn 0.347470 0.480461 0.805247
v 0.013414 0.093074 0.051468
vn -0.479742 0.149083 -0.864652
v -0.073504 0.093883 -0.014752
vn 0.255178 0.398005 0.881179
v -0.074472 0.135075 0.050689
vn -0.233221 0.875433 0.423350
v -0.025851 0.121829 0.026080
vn -0.211371 0.785489 0.581661
v -0.034023 0.175971 -0.003727
vn -0.521281 0.776384 0.354250
v -0.075406 0.168391 -0.026793
vn 0.145547 -0.112787 0.982901
v -0.036658 0.075087 0.042007
vn -0.194135 -0.257616 0.946544
v -0.017795 0.077486 0.056087
vn -0.132710 -0.034343 0.990560
v -0.011379 0.079877 0.057699
vn 0.224178 0.095428 0.969865
v -0.000104 0.076882 0.058191
vn 0.256570 -0.019953 0.966320
v 0.002738 0.079106 0.056719
vn 0.166075 0.027658 0.985725
v 0.005568 0.076397 0.056327
vn 0.998518 -0.035605 0.041160
v -0.061896 0.154242 -0.019019
vn 0.235404 0.511066 0.826678
v -0.072647 0.140989 0.046977
vn 0.377537 0.925800 0.018999
v 0.015800 0.129014 0.013237
vn -0.174222 0.807542 0.563491
v -0.011703 0.097356 0.051592
vn -0.162238 -0.323579 0.932188
v -0.058922 0.077545 0.042961
vn -0.008083 -0.332885 0.942933
v -0.053121 0.077912 0.043335
vn -0.026988 -0.343164 0.938888
v -0.050746 0.076148 0.043138
vn 0.084688 -0.331480 0.939654
v -0.047402 0.075550 0.042630
vn 0.077188 -0.092475 0.992719
v -0.045056 0.078796 0.042341
vn -0.012631 -0.099082 0.994999
v -0.039518 0.078128 0.042919
vn -0.006085 -0.051041 0.998678
v -0.015246 0.082941 0.056935
vn -0.163347 -0.202253 0.965615
v -0.014558 0.076582 0.056493
vn 0.002756 0.110322 0.993892
v -0.005941 0.079038 0.057970
vn 0.830909 0.546423 0.104934
v 0.037177 0.110644 0.018811
vn -0.044204 0.998940 -0.012858
v 0.002393 0.131627 0.011955
vn -0.955276 -0.295436 0.012862
v -0.093644 0.117894 0.018662
vn -0.265728 -0.366653 0.891602
v -0.063940 0.078622 0.042084
vn 0.295108 -0.189162 0.936551
v -0.045376 0.082384 0.043282
vn 0.221731 -0.140857 0.964881
v -0.036505 0.081152 0.043162
vn 0.224804 -0.161812 0.960875
v -0.033244 0.082267 0.041852
vn -0.490237 -0.217273 0.844073
v -0.030801 0.080068 0.041798
vn 0.087629 0.104596 0.990647
v -0.002058 0.080998 0.057554
vn 0.329212 -0.021416 0.944013
v 0.008185 0.080756 0.055375
vn -0.196698 0.491839 0.848177
v -0.012953 0.115936 0.038920
vn -0.416276 -0.253496 0.873186
v -0.078081 0.123519 0.052137
vn 0.445521 -0.858466 0.254060
v -0.026581 0.155677 -0.004196
vn -0.538717 -0.352762 -0.765077
v -0.082472 0.116241 -0.002324
vn -0.865831 -0.214878 0.451844
v -0.027538 0.079965 0.047697
vn 0.093135 0.005495 0.995638
v 0.001256 0.083846 0.057446
vn 0.275571 -0.074438 0.958394
v 0.006151 0.083406 0.056463
vn -0.056023 -0.253701 0.965659
v -0.062433 0.084035 0.044203
vn -0.189962 -0.203144 0.960545
v -0.059867 0.080541 0.043277
vn -0.129867 -0.149868 0.980140
v -0.055238 0.081999 0.044985
vn 0.029324 -0.345266 0.938047
v -0.054000 0.080568 0.044601
vn 0.133552 -0.230725 0.963810
v -0.050027 0.081311 0.044264
vn -0.077677 -0.027061 0.996611
v -0.041996 0.081084 0.042456
vn -0.161562 -0.034385 0.986263
v -0.039358 0.083631 0.043502
vn -0.977499 -0.036097 0.207827
v -0.086161 0.108386 0.018245
vn -0.914220 0.214589 -0.343735
v -0.086723 0.099917 0.003554
vn -0.546702 0.021901 0.837040
v -0.022414 0.083284 0.055591
vn 0.092593 -0.061156 0.993824
v -0.016993 0.082556 0.057524
vn -0.064490 0.092420 0.993629
v -0.012406 0.085223 0.057268
vn -0.104707 0.523767 0.845402
v -0.007444 0.116934 0.039284
vn 0.023955 0.348838 0.936877
v -0.002145 0.111433 0.042437
vn -0.014002 0.043388 0.998960
v -0.075718 0.125227 0.053087
vn 0.040877 0.302865 0.952156
v -0.077057 0.131935 0.052462
vn 0.144555 0.984401 0.100297
v -0.061121 0.155697 0.022517
vn 0.173747 0.957198 0.231482
v -0.037539 0.127441 0.015321
vn 0.008653 0.944214 0.329220
v -0.002052 0.100935 0.045626
vn -0.253186 -0.187595 0.949055
v -0.064992 0.084551 0.044120
vn -0.123038 -0.115324 0.985679
v -0.057862 0.083944 0.044186
vn 0.352628 -0.130589 0.926607
v -0.045681 0.084988 0.044160
vn 0.356952 -0.141454 0.923351
v -0.035023 0.082888 0.042913
vn -0.687425 -0.103805 0.718799
v -0.029982 0.085402 0.043745
vn -0.966887 0.154659 -0.203001
v -0.088892 0.099209 0.009570
vn -0.280809 0.018117 0.959592
v -0.019135 0.083475 0.057217
vn -0.855096 0.294130 -0.426964
v -0.083490 0.107247 0.000758
vn 0.249544 -0.289472 0.924085
v -0.070113 0.117904 0.052714
vn -0.416866 0.852634 0.315022
v -0.035526 0.175956 -0.004868
vn 0.216018 0.083093 0.972847
v -0.070831 0.122544 0.053275
vn 0.977760 0.200491 -0.061552
v 0.045134 0.093631 0.006234
vn -0.081363 -0.009717 0.996637
v -0.053617 0.085347 0.045332
vn 0.199010 -0.005085 0.979984
v -0.049001 0.086222 0.045352
vn 0.122747 0.006064 0.992419
v -0.036745 0.086084 0.043613
vn -0.024647 0.154016 0.987761
v -0.010873 0.088827 0.056665
vn 0.004031 0.115905 0.993252
v -0.003845 0.084788 0.057198
vn 0.556672 0.256485 0.790147
v -0.049020 0.117713 0.031581
vn -0.064598 0.719476 0.691507
v -0.042914 0.118360 0.030645
vn 0.073619 0.981394 0.177333
v -0.057685 0.155617 0.012983
vn -0.143842 0.950310 -0.276080
v -0.025412 0.124725 0.000129
vn 0.429143 0.898143 0.095793
v 0.019012 0.127362 0.017787
vn 0.017692 -0.124266 0.992091
v -0.059499 0.088845 0.045109
vn 0.009657 -0.064688 0.997859
v -0.056931 0.088101 0.044693
vn 0.011637 0.993044 -0.117168
v 0.003577 0.131390 0.007209
vn -0.097564 0.178426 0.979104
v -0.016683 0.087267 0.056741
vn 0.038356 0.110129 0.993177
v -0.008498 0.083990 0.057605
vn 0.131603 0.202615 0.970375
v 0.003508 0.086340 0.057048
vn -0.131280 0.797234 0.589223
v -0.028399 0.180707 -0.007847
vn -0.423905 -0.360646 0.830806
v -0.076566 0.116740 0.051489
vn 0.441639 0.267122 0.856505
v 0.017869 0.090899 0.048713
vn 0.023798 0.633746 0.773175
v -0.040342 0.116696 0.032460
vn 0.060416 0.993708 0.094311
v 0.005911 0.131409 0.016824
vn -0.947819 0.012214 -0.318576
v -0.085778 0.091701 -0.000047
vn 0.022780 0.170523 0.985090
v -0.050372 0.088845 0.045188
vn 0.368031 0.125417 0.921316
v -0.044434 0.087655 0.043478
vn 0.132440 0.020029 0.990989
v -0.042056 0.086712 0.042535
vn -0.013248 -0.218085 0.975840
v -0.033058 0.086186 0.042560
vn -0.329362 -0.011609 0.944132
v -0.029242 0.090453 0.044237
vn 0.107064 0.102644 0.988940
v -0.006896 0.084433 0.057169
vn 0.032999 0.157825 0.986916
v -0.006621 0.090415 0.056880
vn 0.102217 0.230665 0.967649
v -0.001244 0.089093 0.056552
vn 0.246384 0.410913 0.877750
v 0.009408 0.090328 0.054214
vn 0.836705 0.418577 -0.353153
v 0.040195 0.102316 -0.002005
vn -0.664679 -0.432670 -0.609096
v -0.086227 0.114668 0.002210
vn -0.999232 0.009332 -0.038066
v -0.089495 0.095632 0.014235
vn 0.620469 0.674433 0.400197
v -0.067132 0.157094 -0.006203
vn 0.039175 0.163119 0.985828
v -0.052936 0.090914 0.044569
vn -0.024116 -0.132412 0.990901
v -0.036745 0.088887 0.043312
vn -0.050981 0.196980 0.979081
v -0.013626 0.089788 0.056674
vn 0.510791 0.796750 0.322926
v 0.023337 0.123534 0.024874
vn 0.260112 0.943121 -0.207040
v -0.037054 0.127151 0.000355
vn -0.078630 0.996149 -0.038788
v -0.073697 0.156130 0.014360
vn -0.328673 0.176707 0.927765
v -0.065592 0.091042 0.044092
vn -0.008683 0.115365 0.993285
v -0.058997 0.092031 0.045335
vn -0.150600 -0.254499 0.955275
v -0.033239 0.088574 0.043697
vn -0.051555 -0.163147 0.985254
v -0.031835 0.090723 0.044173
vn -0.418728 0.323363 0.848589
v -0.020022 0.088032 0.055589
vn -0.072973 0.377785 0.923013
v -0.011214 0.092366 0.056105
vn 0.871457 0.487844 0.050700
v 0.039108 0.108291 0.013142
vn 0.640661 0.712542 0.286071
v 0.028676 0.119596 0.024546
vn 0.464981 0.816536 0.342143
v -0.068940 0.156528 -0.001972
vn -0.183948 0.086637 0.979110
v -0.062615 0.091127 0.045091
vn 0.698233 0.701299 0.143704
v 0.030445 0.118864 0.020822
vn -0.234541 0.409563 0.881617
v -0.015241 0.091822 0.055817
vn 0.041144 0.409001 0.911606
v -0.005622 0.093235 0.055894
vn 0.226879 0.386255 0.894054
v 0.004799 0.091655 0.054715
vn -0.313319 0.131131 0.940551
v -0.068282 0.092377 0.042389
vn 0.135918 0.119679 0.983465
v -0.055624 0.092187 0.045055
vn -0.033217 0.183603 0.982439
v -0.051901 0.095458 0.043938
vn 0.184281 0.127858 0.974522
v -0.048809 0.091084 0.044457
vn 0.332591 0.088520 0.938908
v -0.045412 0.091002 0.043253
vn 0.266695 0.085543 0.959977
v -0.044515 0.094860 0.042972
vn -0.211884 0.040546 0.976453
v -0.039430 0.089598 0.043178
vn -0.143160 -0.072452 0.987044
v -0.035642 0.092617 0.044238
vn 0.161805 0.379371 0.910987
v -0.000122 0.093201 0.055398
vn 0.254596 0.593510 0.763497
v 0.009510 0.095484 0.050911
vn 0.282693 0.212041 0.935480
v 0.021442 0.091355 0.048043
vn 0.962431 -0.265656 -0.056152
v -0.008983 0.169264 -0.022683
vn -0.079156 0.989251 0.122952
v -0.073019 0.156021 0.022419
vn 0.644281 0.761906 -0.066340
v -0.064760 0.153116 -0.002037
vn -0.270388 0.173878 0.946920
v -0.069369 0.095243 0.042129
vn -0.094904 0.309268 0.946227
v -0.060117 0.095553 0.044184
vn -0.032052 0.027443 0.999109
v -0.029242 0.094290 0.044821
vn -0.435411 0.376371 0.817779
v -0.026561 0.093290 0.044975
vn -0.243755 0.664572 0.706348
v -0.014394 0.094588 0.053994
vn -0.081222 0.637073 0.766512
v -0.008869 0.095400 0.054446
vn 0.081349 0.652475 0.753432
v -0.001219 0.096202 0.053816
vn 0.246595 0.566314 0.786435
v 0.004048 0.095817 0.052937
vn -0.074696 0.772701 0.630360
v -0.004602 0.124285 0.033472
vn -0.188304 0.585878 0.788219
v -0.078436 0.139280 0.048329
vn 0.252594 0.966569 0.044050
v 0.010775 0.130792 0.014342
vn 0.070916 0.261580 0.962573
v -0.056624 0.096322 0.043668
vn -0.227477 0.188488 0.955367
v -0.036299 0.095696 0.043580
vn -0.362465 0.302353 0.881591
v -0.024380 0.095866 0.044435
vn 0.206255 0.804345 0.557214
v 0.010916 0.126336 0.029857
vn -0.056161 0.791634 0.608410
v -0.005862 0.097350 0.052744
vn 0.285658 0.266608 0.920500
v 0.016973 0.097107 0.047441
vn -0.200314 0.238485 0.950263
v -0.067232 0.099174 0.041594
vn 0.023569 0.278721 0.960083
v -0.054994 0.099641 0.042955
vn 0.083398 0.214808 0.973089
v -0.048618 0.096453 0.044183
vn 0.467539 0.868561 0.164347
v -0.055369 0.154425 0.016161
vn -0.976212 -0.140254 0.165348
v -0.094244 0.122074 0.023568
vn 0.219914 0.468260 0.855787
v 0.013243 0.096738 0.048750
vn 0.229760 0.243247 0.942359
v 0.020639 0.096602 0.046971
vn 0.074685 0.589917 0.804003
v 0.007343 0.120982 0.035973
vn -0.211312 0.966240 -0.147403
v -0.013494 0.128824 0.005969
vn -0.320388 0.883206 0.342488
v -0.020111 0.125045 0.023588
vn 0.295549 0.862342 0.411117
v -0.069438 0.164799 -0.017219
vn -0.236153 0.264875 0.934919
v -0.064028 0.097839 0.042565
vn 0.012991 0.350219 0.936578
v -0.051996 0.099708 0.042717
vn 0.168634 0.161981 0.972278
v -0.043991 0.099425 0.042383
vn -0.004704 0.380986 0.924569
v -0.039738 0.102154 0.040574
vn -0.196936 0.406120 0.892347
v -0.035931 0.099810 0.042336
vn -0.025043 0.244921 0.969220
v -0.030868 0.096915 0.044651
vn 0.015235 0.213247 0.976879
v -0.028342 0.097783 0.043761
vn -0.177940 0.187283 0.966055
v -0.025623 0.098713 0.044211
vn -0.727387 -0.618660 0.296931
v -0.085237 0.110774 0.024538
vn 0.099347 0.642951 0.759437
v 0.007194 0.098859 0.048420
vn -0.100893 0.536134 0.838082
v 0.009651 0.101088 0.047373
vn 0.152280 0.370865 0.916117
v 0.013487 0.100764 0.047454
vn 0.132500 0.990818 -0.026893
v 0.007739 0.131475 0.011683
vn 0.087204 0.502160 0.860367
v 0.000809 0.116333 0.040168
vn -0.166373 0.885863 0.433090
v -0.072653 0.165679 -0.018212
vn -0.135813 0.990408 -0.025423
v -0.005601 0.130767 0.010516
vn -0.106111 0.966315 0.234467
v -0.026304 0.125189 0.017393
vn 0.017075 0.341013 0.939904
v -0.047590 0.100812 0.042349
vn 0.090483 0.184462 0.978666
v -0.041461 0.098545 0.041779
vn -0.194612 0.475698 0.857810
v -0.033582 0.103839 0.040738
vn -0.098633 0.326445 0.940056
v -0.022870 0.102847 0.043545
vn -0.178277 0.327427 0.927906
v -0.022362 0.098208 0.044766
vn -0.115681 0.512147 0.851072
v -0.018871 0.098973 0.044489
vn -0.482118 -0.419984 0.768880
v -0.071434 0.077574 0.038061
vn -0.070628 -0.299335 0.951530
v -0.073001 0.118267 0.053035
vn -0.018532 0.107627 -0.994019
v -0.068466 0.134981 -0.008336
vn -0.544829 0.366833 -0.754052
v -0.074684 0.107861 -0.009048
vn 0.757018 0.550680 0.351675
v -0.064959 0.158520 -0.012595
vn -0.307562 0.833503 0.458997
v -0.078932 0.150931 0.035152
vn -0.550487 0.236998 0.800497
v -0.074114 0.099443 0.038338
vn -0.363707 0.321325 0.874338
v -0.070457 0.100988 0.039794
vn -0.065653 0.309679 0.948572
v -0.059059 0.100413 0.042725
vn -0.090290 0.405878 0.909456
v -0.049187 0.104520 0.040301
vn -0.131469 0.406504 0.904141
v -0.029151 0.101974 0.042633
vn -0.114645 0.586585 0.801732
v -0.011600 0.101078 0.044192
vn -0.135403 0.718277 0.682455
v 0.005145 0.101639 0.045423
vn 0.090029 0.434205 0.896304
v -0.051496 0.104967 0.040347
vn 0.025621 0.262580 0.964570
v -0.020218 0.102144 0.043701
vn 0.076652 0.376627 0.923188
v 0.004252 0.105237 0.042564
vn 0.210695 0.590504 0.779046
v 0.016833 0.103375 0.045287
vn -0.209977 0.963833 -0.164118
v -0.025661 0.125627 0.004554
vn -0.276173 0.001448 0.961107
v -0.072142 0.105367 0.037523
vn -0.216059 0.359819 0.907661
v -0.064985 0.103716 0.040648
vn -0.058482 0.442050 0.895082
v -0.060652 0.104672 0.040906
vn 0.021589 0.414544 0.909773
v -0.055309 0.103654 0.041517
vn 0.124133 0.346621 0.929755
v -0.044243 0.104317 0.041340
vn -0.080674 0.226433 0.970680
v -0.015513 0.104361 0.042919
vn -0.058056 0.095612 0.993724
v -0.007632 0.103045 0.043711
vn -0.151607 -0.007604 0.988412
v -0.007805 0.105166 0.043825
vn -0.149284 0.705412 0.692898
v 0.009716 0.105235 0.043604
vn 0.646334 0.603491 0.466960
v 0.030300 0.115536 0.028685
vn -0.151810 0.400445 0.903658
v -0.047497 0.106357 0.040166
vn 0.167086 0.410893 0.896242
v -0.038979 0.106830 0.038248
vn -0.222176 0.426128 0.876957
v -0.025869 0.104267 0.042208
vn -0.028211 0.293202 0.955634
v -0.018058 0.105039 0.042803
vn -0.159352 0.291101 0.943328
v -0.015180 0.108077 0.042350
vn -0.002800 0.121428 0.992596
v -0.003898 0.105662 0.044047
vn 0.116285 0.117998 0.986182
v 0.000027 0.104467 0.043776
vn -0.015119 0.654519 0.755895
v 0.011978 0.104036 0.045396
vn 0.075044 0.641448 0.763487
v 0.015005 0.107269 0.041812
vn 0.602324 0.782540 0.157598
v 0.026488 0.122303 0.020398
vn -0.140444 0.489244 0.860765
v -0.036226 0.106342 0.038645
vn -0.205441 0.460457 0.863581
v -0.021127 0.109323 0.040715
vn -0.126756 0.165098 0.978098
v -0.012820 0.104571 0.043466
vn 0.267088 0.196528 0.943420
v 0.005285 0.109437 0.041675
vn 0.041118 0.498221 0.866075
v 0.008940 0.107106 0.041243
vn -0.193671 0.703559 0.683738
v -0.051840 0.160620 0.007142
vn 0.269266 0.275042 0.922956
v -0.054201 0.114517 0.034844
vn 0.340798 0.927799 0.151811
v 0.013226 0.129581 0.019690
vn 0.110362 -0.292475 0.949884
v -0.069382 0.108658 0.037508
vn -0.221982 0.322469 0.920184
v -0.067691 0.107341 0.038018
vn 0.055433 0.142007 0.988312
v -0.063782 0.110373 0.037580
vn -0.014861 0.505601 0.862639
v -0.050749 0.109287 0.038298
vn -0.115406 0.158820 0.980540
v -0.009394 0.107428 0.043455
vn 0.174916 0.193247 0.965433
v 0.001176 0.109325 0.042663
vn 0.239301 0.268731 0.933016
v 0.009802 0.110040 0.039945
vn 0.317053 0.522571 0.791452
v 0.020131 0.107328 0.040324
vn 0.146601 0.222518 -0.963843
v -0.002787 0.105775 -0.022459
vn 0.007853 0.490854 0.871207
v -0.054997 0.107742 0.039425
vn 0.011644 0.553148 0.833002
v -0.045967 0.109051 0.038754
vn 0.223880 0.412252 0.883134
v -0.042325 0.107373 0.039456
vn -0.172791 0.535846 0.826445
v -0.032161 0.108965 0.038103
vn -0.063322 0.686311 0.724546
v -0.030770 0.115973 0.032859
vn -0.156026 0.340036 0.927379
v -0.011609 0.109837 0.042475
vn -0.459573 0.439827 -0.771586
v -0.029428 0.093167 -0.024932
vn -0.739197 -0.041952 -0.672182
v -0.080044 0.092080 -0.009420
vn 0.058911 0.641336 0.764995
v -0.049797 0.113421 0.035118
vn 0.375241 0.238440 0.895734
v -0.043724 0.161914 0.005771
vn -0.006941 0.507647 0.861537
v -0.057982 0.109432 0.037998
vn 0.072834 0.601753 0.795354
v -0.041491 0.112248 0.035873
vn -0.252162 0.659599 0.708056
v -0.024930 0.115928 0.034095
vn -0.275894 0.569527 0.774288
v -0.020882 0.114095 0.037873
vn -0.071576 0.392524 0.916953
v -0.007552 0.111838 0.042040
vn 0.192795 0.315140 0.929256
v 0.003767 0.112405 0.041495
vn 0.964836 0.226066 0.134106
v -0.062830 0.151895 -0.009237
vn 0.303862 -0.127351 0.944166
v -0.059196 0.113208 0.036235
vn -0.068365 -0.026496 -0.997308
v -0.051079 0.093893 -0.021762
vn -0.583649 -0.156397 -0.796803
v -0.073945 0.084375 -0.015154
vn -0.223709 0.142015 -0.964254
v -0.072146 0.134864 -0.007759
vn -0.329418 -0.431246 -0.839947
v -0.019409 0.170411 -0.020995
vn -0.232639 -0.118058 -0.965371
v -0.055530 0.149055 -0.001960
vn 0.431360 -0.535452 0.726099
v 0.016688 0.036977 0.043001
vn 0.609107 -0.205796 0.765922
v -0.052277 0.117751 0.033769
vn -0.344979 0.141177 -0.927932
v -0.069201 0.093039 -0.016486
vn 0.536068 0.605340 0.588384
v 0.026579 0.117024 0.030868
vn 0.111384 -0.281634 0.953035
v -0.023574 0.037037 0.054145
vn 0.291597 -0.014461 0.956432
v -0.007378 0.038988 0.048929
vn 0.245845 -0.086925 0.965404
v 0.013235 0.038453 0.044501
vn 0.459298 -0.145772 0.876240
v 0.019487 0.040809 0.042641
vn 0.593846 0.173298 0.785694
v -0.063954 0.146947 0.038484
vn 0.192350 -0.472260 0.860216
v -0.049579 0.036097 0.045955
vn 0.292808 -0.220862 0.930314
v -0.043324 0.036286 0.044042
vn -0.070770 0.995650 -0.060597
v -0.029047 0.125563 0.007762
vn 0.254539 0.022335 0.966804
v -0.001734 0.039477 0.047263
vn 0.395350 -0.916151 -0.066073
v -0.031358 0.153622 -0.004674
vn 0.162793 0.284355 -0.944797
v 0.002582 0.107476 -0.020606
vn 0.790454 0.005581 0.612496
v -0.056802 0.145147 0.031740
vn -0.195372 -0.066322 0.978484
v -0.056464 0.037683 0.046820
vn 0.203877 0.063939 0.976906
v -0.050965 0.038312 0.046286
vn 0.777435 0.489903 0.394448
v -0.050980 0.134866 0.027585
vn -0.141540 0.015264 0.989815
v -0.025647 0.038861 0.054161
vn 0.135855 0.104319 0.985221
v -0.022542 0.040616 0.053986
vn 0.310371 -0.029489 0.950158
v -0.017618 0.038911 0.052403
vn 0.382139 0.524236 0.761017
v -0.019712 0.168291 -0.013021
vn 0.423249 0.271678 0.864322
v 0.023780 0.095223 0.046347
vn 0.210591 0.060782 0.975683
v 0.014744 0.042717 0.044510
vn 0.669907 -0.387866 0.633076
v 0.021691 0.040162 0.040846
vn -0.278557 0.081292 -0.956973
v -0.064067 0.090172 -0.018856
vn 0.347237 0.413039 0.841918
v 0.020319 0.100420 0.045761
vn -0.111359 0.128457 -0.985443
v -0.036425 0.093631 -0.023535
vn 0.311093 0.141127 0.939843
v -0.014981 0.042571 0.051405
vn 0.577036 -0.017932 0.816522
v -0.057335 0.123401 0.040231
vn 0.703539 0.058109 0.708277
v -0.054173 0.123379 0.037576
vn 0.620051 -0.079817 0.780491
v 0.022625 0.043622 0.040905
vn 0.660193 -0.562300 0.497960
v 0.028811 0.043352 0.032158
vn 0.282158 0.604691 0.744806
v -0.042764 0.157275 0.005202
vn 0.216631 -0.326386 0.920078
v 0.009223 0.044125 0.045057
vn 0.355837 -0.067958 0.932074
v 0.015048 0.045756 0.043794
vn -0.364542 0.191390 -0.911306
v -0.063757 0.102511 -0.017484
vn -0.180299 -0.394075 -0.901220
v -0.034070 0.161490 -0.013787
vn -0.816249 -0.559334 0.144510
v -0.082191 0.075610 0.016543
vn 0.710183 0.217074 0.669715
v -0.066299 0.123371 0.050616
vn 0.265399 0.509966 0.818229
v -0.015510 0.045283 0.050653
vn 0.406327 0.094341 0.908844
v 0.018928 0.044250 0.043010
vn 0.556609 -0.103655 0.824283
v 0.025822 0.046327 0.038277
vn 0.725699 -0.379167 0.574102
v 0.027269 0.044548 0.036153
vn 0.554808 0.229426 0.799720
v -0.045301 0.156951 0.007204
vn 0.398720 0.436826 0.806353
v 0.023856 0.106166 0.039378
vn 0.475130 -0.134809 0.869528
v 0.021633 0.048127 0.040694
vn 0.372178 -0.500576 0.781606
v 0.043785 0.048804 0.031343
vn 0.550294 -0.554290 0.624451
v 0.048075 0.048970 0.028165
vn 0.636154 -0.687777 0.349671
v 0.052663 0.047674 0.021201
vn 0.108862 0.645098 0.756306
v -0.052722 0.044723 0.044143
vn 0.762910 -0.268571 0.588079
v -0.030072 0.172583 -0.006360
vn 0.519346 -0.433060 0.736708
v -0.034508 0.154475 0.001650
vn 0.431406 -0.546316 0.717933
v 0.010630 0.046712 0.046472
vn 0.467566 -0.462309 0.753427
v 0.016743 0.048439 0.043679
vn 0.524824 0.170370 0.833987
v 0.028827 0.092133 0.043920
vn 0.503254 0.350737 0.789759
v -0.059937 0.127262 0.040771
vn 0.306789 0.307540 0.900722
v -0.036752 0.158021 0.004186
vn 0.607835 0.204045 0.767400
v -0.037885 0.161997 0.000247
vn 0.617648 0.298646 0.727545
v -0.022048 0.183486 -0.012095
vn 0.690604 0.028525 0.722671
v -0.024365 0.180968 -0.009831
vn 0.612339 -0.286842 0.736724
v -0.044882 0.150530 0.007645
vn 0.484259 -0.367769 0.793876
v 0.026997 0.051318 0.038752
vn 0.497205 -0.323223 0.805179
v 0.047736 0.052751 0.030797
vn 0.610807 -0.613294 0.500785
v 0.051704 0.048857 0.024148
vn 0.585103 -0.683865 0.435870
v -0.067504 0.114241 0.048036
vn 0.706991 -0.628376 0.324510
v -0.016258 0.160313 -0.009693
vn 0.849271 0.494764 0.184251
v -0.063926 0.167924 -0.040730
vn 0.587629 -0.574757 0.569515
v -0.041665 0.149961 0.004541
vn 0.658784 0.115926 0.743347
v -0.035203 0.164936 -0.002681
vn 0.908380 0.321380 0.267509
v 0.041319 0.099497 0.024276
vn 0.455125 -0.461031 0.761782
v 0.014055 0.052524 0.048594
vn 0.457703 -0.590334 0.664841
v 0.019421 0.051321 0.044799
vn 0.537160 -0.504349 0.676085
v 0.023678 0.051474 0.041053
vn 0.622707 -0.399821 0.672592
v 0.034258 0.051931 0.032758
vn 0.780024 -0.400766 0.480572
v 0.055957 0.053147 0.023198
vn 0.527830 -0.797943 0.291003
v -0.039938 0.149228 0.001602
vn 0.833031 0.274283 0.480446
v -0.046989 0.126008 0.026986
vn -0.675953 0.578147 -0.456984
v -0.027708 0.090081 -0.031911
vn 0.433968 -0.318969 0.842574
v 0.019205 0.055167 0.047722
vn 0.602252 -0.434461 0.669728
v 0.021886 0.053928 0.045102
vn 0.607112 -0.378624 0.698612
v 0.031286 0.052864 0.036914
vn 0.355787 -0.090668 0.930158
v 0.046661 0.054719 0.031977
vn 0.635372 -0.379080 0.672757
v 0.051824 0.053277 0.027927
vn 0.170770 0.807592 0.564475
v -0.029265 0.161404 -0.002104
vn 0.386656 0.491855 0.780113
v -0.068701 0.144635 0.043042
vn 0.851623 0.129973 0.507784
v -0.056070 0.150007 0.029868
vn 0.976561 0.209010 0.051414
v 0.044718 0.094803 0.012025
vn 0.402034 0.257801 0.878583
v -0.041804 0.155821 0.006455
vn 0.467242 0.193228 0.862756
v -0.068369 0.122893 0.052438
vn -0.299935 0.160526 -0.940356
v -0.064115 0.095510 -0.018115
vn 0.783343 0.206583 0.586257
v -0.018383 0.185437 -0.017136
vn 0.440455 -0.186437 0.878203
v 0.011745 0.056678 0.051914
vn 0.582011 -0.331621 0.742490
v -0.059375 0.119982 0.040548
vn 0.912700 -0.201202 0.355662
v 0.059092 0.057957 0.020270
vn 0.942684 0.303969 0.137654
v 0.043548 0.097389 0.017315
vn 0.470815 0.282763 0.835691
v -0.026292 0.159634 -0.000518
vn 0.425695 -0.213409 0.879341
v 0.014905 0.056350 0.049523
vn 0.584716 -0.426680 0.689965
v 0.024286 0.054959 0.043087
vn 0.538518 -0.353109 0.765057
v 0.028953 0.056125 0.040389
vn 0.795743 0.301491 0.525259
v -0.049508 0.129495 0.030259
vn 0.875908 0.234521 0.421646
v 0.040825 0.095170 0.028658
vn 0.288381 -0.079446 0.954214
v 0.017775 0.058244 0.048865
vn 0.647237 -0.331236 0.686562
v 0.033574 0.058515 0.038311
vn 0.731623 -0.321479 0.601148
v 0.036385 0.056996 0.033601
vn 0.841422 0.048011 0.538242
v -0.064205 0.122439 0.048008
vn 0.836982 0.057889 0.544160
v -0.065425 0.140113 0.041309
vn 0.441904 -0.082156 0.893292
v 0.050801 0.057308 0.030001
vn 0.791457 -0.260144 0.553101
v 0.056672 0.056971 0.024292
vn 0.793385 -0.054505 0.606274
v -0.049350 0.149135 0.011274
vn 0.621417 0.288775 0.728320
v -0.069761 0.134429 0.048265
vn 0.384856 -0.069225 0.920377
v 0.019537 0.060004 0.048576
vn 0.579422 -0.144341 0.802145
v 0.027014 0.059953 0.043454
vn 0.838553 -0.085693 0.538038
v 0.057679 0.061393 0.024202
vn 0.580639 0.253937 0.773547
v -0.056917 0.126235 0.039427
vn 0.432361 0.524279 0.733618
v 0.023469 0.116563 0.033537
vn 0.561023 0.219817 0.798081
v -0.058299 0.138855 0.032937
vn 0.315347 -0.326852 0.890912
v 0.006460 0.060297 0.054780
vn 0.395008 -0.211659 0.893963
v 0.010406 0.059162 0.052484
vn 0.588946 -0.231945 0.774173
v 0.023184 0.058654 0.045871
vn 0.573725 -0.162298 0.802807
v 0.033040 0.061774 0.039781
vn 0.775377 0.327809 0.539752
v -0.064348 0.126281 0.046650
vn 0.460060 -0.408896 0.788130
v -0.057031 0.115620 0.036495
vn 0.694282 -0.150494 0.703793
v 0.054452 0.058343 0.027653
vn 0.698901 -0.071333 0.711652
v -0.030134 0.170113 -0.007359
vn 0.174003 0.718190 0.673740
v -0.037077 0.159864 0.001610
vn 0.566970 0.389783 0.725682
v -0.056033 0.137311 0.031971
vn 0.647184 0.279707 0.709166
v -0.067676 0.141503 0.043868
vn 0.449793 -0.217401 0.866269
v 0.009991 0.062735 0.054009
vn 0.474545 -0.161230 0.865339
v 0.014522 0.061383 0.050501
vn 0.547966 -0.128091 0.826635
v 0.030052 0.062170 0.041546
vn 0.805500 -0.235329 0.543866
v 0.037519 0.061063 0.034366
vn 0.557316 0.084646 0.825974
v 0.053944 0.061392 0.028269
vn 0.917362 0.013389 0.397828
v 0.059120 0.063129 0.021562
vn 0.749700 -0.209721 0.627669
v -0.024366 0.176933 -0.011720
vn 0.530379 0.468934 0.706257
v -0.013253 0.166272 -0.014120
vn 0.878100 0.447914 0.168267
v 0.039219 0.106693 0.020450
vn 0.719922 0.038347 0.692994
v -0.017969 0.180780 -0.018103
vn 0.545707 -0.027077 0.837539
v 0.021902 0.060876 0.047282
vn 0.724418 -0.186576 0.663633
v 0.035342 0.061630 0.037606
vn 0.604053 0.356848 0.712586
v -0.062146 0.135998 0.036701
vn 0.761431 0.121779 0.636704
v 0.056821 0.063691 0.025286
vn 0.212006 0.646483 0.732880
v -0.032800 0.159487 0.002196
vn 0.398901 -0.116274 0.909592
v 0.011212 0.066584 0.053982
vn 0.513427 -0.240794 0.823657
v 0.012920 0.064204 0.052441
vn 0.502370 -0.083615 0.860600
v 0.020127 0.063851 0.047920
vn 0.707240 -0.017484 0.706758
v 0.035972 0.066670 0.037781
vn 0.860375 -0.116391 0.496193
v 0.039907 0.064361 0.031687
vn 0.782378 0.283554 0.554510
v -0.066702 0.132106 0.045481
vn 0.578104 0.197485 0.791704
v -0.041601 0.159780 0.003537
vn 0.706624 0.404915 0.580281
v 0.033045 0.107663 0.031916
vn 0.574955 0.000327 0.818185
v 0.024672 0.063694 0.045205
vn 0.573501 0.013322 0.819096
v 0.026109 0.068008 0.043903
vn 0.587557 -0.037358 0.808320
v 0.033364 0.067055 0.039729
vn 0.484253 0.292105 0.824727
v 0.042916 0.066708 0.026995
vn 0.536133 0.330304 0.776827
v 0.054715 0.064697 0.026980
vn 0.538041 0.462199 0.704900
v -0.016531 0.163250 -0.009248
vn 0.647681 0.217342 0.730255
v -0.017892 0.161138 -0.006707
vn 0.858449 0.305127 -0.412265
v 0.041118 0.097491 -0.003976
vn 0.692998 -0.254293 0.674602
v 0.023387 0.070076 0.047013
vn 0.812728 -0.113983 0.571386
v 0.038103 0.065678 0.035133
vn 0.180907 0.605520 0.774996
v 0.010145 0.122217 0.034719
vn 0.839448 0.309347 0.446801
v 0.058392 0.066741 0.021979
vn 0.813652 -0.031113 -0.580519
v 0.038302 0.084549 -0.014479
vn 0.670848 0.373924 0.640424
v 0.034126 0.097054 0.037590
vn 0.446130 -0.225642 0.866057
v -0.031356 0.158099 0.001913
vn 0.695281 -0.030067 0.718108
v -0.058260 0.140995 0.032441
vn 0.651779 -0.123514 0.748283
v -0.066817 0.119515 0.051490
vn 0.468655 -0.530360 0.706456
v -0.068090 0.116471 0.051151
vn 0.487891 -0.206307 0.848174
v 0.016568 0.066270 0.051010
vn 0.524214 0.019572 0.851362
v 0.029363 0.066510 0.042289
vn 0.673175 0.390838 -0.627759
v 0.037027 0.093950 -0.011674
vn 0.647840 0.423447 0.633242
v 0.056413 0.067660 0.023969
vn 0.638346 -0.033741 0.769010
v -0.061296 0.145200 0.037138
vn 0.286239 0.277381 0.917130
v 0.008387 0.113362 0.039793
vn 0.415367 -0.099340 0.904213
v 0.011807 0.070921 0.054240
vn 0.521317 -0.099334 0.847562
v 0.029742 0.070647 0.041654
vn 0.743775 -0.039142 0.667283
v 0.036294 0.071221 0.037115
vn 0.833411 -0.033316 0.551648
v 0.039900 0.070295 0.032720
vn 0.750409 0.075193 0.656683
v -0.062763 0.137780 0.036679
vn 0.551999 0.265207 0.790545
v -0.015815 0.175049 -0.018654
vn -0.817719 -0.571536 0.068430
v -0.092269 0.114752 0.017017
vn -0.011401 0.616334 0.787403
v -0.000950 0.101411 0.044290
vn 0.524227 -0.526117 0.669617
v -0.063713 0.112742 0.038007
vn 0.581119 -0.515898 0.629405
v -0.061096 0.117017 0.039654
vn 0.543265 -0.234789 0.806063
v 0.020992 0.069335 0.049004
vn 0.642509 -0.187362 0.743019
v 0.025659 0.070550 0.044540
vn 0.612236 -0.130702 0.779797
v 0.032979 0.073501 0.040487
vn 0.863805 0.024957 0.503208
v 0.042156 0.069718 0.028318
vn 0.611649 0.361393 0.703761
v -0.055517 0.129561 0.036598
vn 0.589902 -0.001554 0.807474
v -0.040802 0.164361 0.003745
vn -0.028691 0.778191 0.627372
v -0.006255 0.101217 0.044322
vn 0.792773 0.172827 0.584502
v -0.010987 0.166212 -0.016048
vn 0.359508 0.557204 0.748517
v -0.030351 0.164482 -0.005329
vn 0.464541 0.472140 0.749190
v 0.026111 0.100890 0.041733
vn 0.590737 -0.739691 0.322316
v -0.065600 0.113295 0.042319
vn 0.484356 0.346242 0.803440
v 0.028815 0.096713 0.042258
vn 0.423359 -0.145857 0.894144
v 0.015263 0.071572 0.052717
vn 0.540871 -0.270169 0.796535
v 0.028982 0.074088 0.043447
vn 0.936261 -0.000777 0.351304
v 0.044873 0.075517 0.023155
vn -0.896231 0.165470 -0.411571
v -0.078225 0.149625 -0.002502
vn 0.546256 0.095562 0.832149
v -0.046095 0.152968 0.009003
vn 0.972815 0.059543 0.223797
v -0.052369 0.146829 0.018935
vn 0.432562 -0.900357 0.047406
v -0.021592 0.157634 -0.006862
vn 0.434067 -0.217632 0.874198
v 0.017177 0.073066 0.051827
vn 0.608694 -0.175664 0.773714
v 0.022688 0.075149 0.049312
vn 0.718367 -0.066687 0.692460
v 0.035472 0.073077 0.038482
vn -0.976489 -0.160512 0.143890
v -0.089481 0.138400 0.025061
vn 0.684106 0.406438 0.605645
v -0.053217 0.132220 0.032978
vn 0.532715 -0.226042 0.815548
v -0.037777 0.155519 0.004370
vn -0.958765 0.260754 0.113039
v -0.090549 0.135119 0.021681
vn 0.687809 0.383945 0.616039
v -0.063367 0.130371 0.041670
vn 0.338679 -0.087708 0.936805
v 0.014074 0.076652 0.054221
vn 0.449293 -0.169556 0.877147
v 0.018110 0.075807 0.052488
vn 0.879015 -0.016114 0.476522
v 0.042210 0.078861 0.029187
vn 0.912682 0.292726 0.285172
v -0.052116 0.141799 0.020510
vn 0.575265 0.493871 0.652044
v 0.029063 0.111496 0.033806
vn 0.824158 0.125663 0.552243
v -0.054731 0.142672 0.028980
vn 0.649744 -0.253843 0.716517
v 0.025904 0.075536 0.046417
vn 0.584673 -0.182086 0.790571
v 0.031299 0.075907 0.042699
vn 0.806839 -0.039486 0.589450
v 0.038446 0.075649 0.035051
vn 0.929909 0.268281 0.251586
v 0.046352 0.074080 0.018354
vn 0.854742 0.358818 0.375054
v -0.047657 0.130775 0.025524
vn 0.642537 0.436327 0.629892
v -0.011447 0.171311 -0.019603
vn 0.768667 -0.212557 0.603300
v -0.036647 0.166401 -0.000282
vn 0.395767 0.303498 0.866751
v -0.046654 0.159178 0.007802
vn 0.649106 -0.645923 0.401801
v -0.045570 0.146636 0.005651
vn 0.827117 0.293427 -0.479352
v 0.041439 0.092365 -0.007459
vn 0.772705 0.284713 0.567332
v -0.064287 0.134636 0.039946
vn 0.498898 0.486949 0.716925
v -0.061129 0.131783 0.038916
vn 0.785938 0.132795 0.603877
v -0.047844 0.122151 0.028833
vn 0.834205 0.088330 0.544334
v -0.049537 0.124913 0.031778
vn 0.461840 0.362097 0.809685
v -0.071135 0.138177 0.047854
vn 0.285752 0.033414 0.957721
v 0.010114 0.076468 0.055257
vn 0.399479 0.125874 0.908060
v 0.017897 0.079517 0.052760
vn 0.503617 0.083300 0.859902
v 0.021741 0.080251 0.050425
vn 0.622846 -0.043551 0.781131
v 0.025272 0.078725 0.048027
vn 0.630825 -0.057719 0.773775
v 0.030885 0.078999 0.043389
vn 0.697390 -0.156244 0.699453
v -0.062442 0.140848 0.036966
vn 0.957399 0.232374 0.171433
v -0.062165 0.156668 -0.017838
vn 0.379795 0.586454 0.715421
v 0.020657 0.104168 0.043005
vn 0.758081 -0.525570 0.386121
v -0.063603 0.115715 0.042572
vn 0.274776 0.197880 0.940926
v 0.014424 0.080086 0.053756
vn 0.634560 0.086386 0.768031
v 0.028779 0.082553 0.044527
vn 0.942067 0.034365 0.333661
v 0.044450 0.081847 0.024553
vn 0.984214 0.075989 0.159841
v 0.045542 0.083338 0.019701
vn 0.761896 -0.041480 0.646370
v -0.049666 0.120638 0.032163
vn 0.668769 -0.012974 0.743357
v -0.029177 0.176200 -0.005624
vn 0.461189 0.477244 0.748025
v -0.058203 0.132710 0.036919
vn 0.781611 0.264245 -0.565030
v 0.038997 0.097088 -0.007780
vn 0.641107 -0.239848 0.729009
v -0.054726 0.120713 0.037451
vn 0.422535 0.103507 0.900417
v 0.013189 0.084211 0.053066
vn 0.262616 0.707799 0.655785
v -0.019926 0.164897 -0.009990
vn 0.344356 0.549707 0.761079
v 0.020153 0.118497 0.034271
vn 0.562967 -0.406590 0.719550
v -0.055860 0.117743 0.037253
vn 0.402002 0.271111 0.874582
v 0.018045 0.083623 0.051286
vn 0.931094 -0.354130 -0.087495
v -0.063757 0.159122 -0.050156
vn 0.572654 0.139731 0.807801
v -0.018528 0.176532 -0.017044
vn 0.507989 0.457795 0.729637
v 0.028734 0.103601 0.038035
vn 0.911590 0.394054 0.117154
v 0.041414 0.102842 0.016579
vn 0.513537 0.412039 0.752664
v 0.024412 0.098017 0.044687
vn 0.337770 0.236898 0.910929
v 0.020925 0.086311 0.049433
vn 0.540188 0.054886 0.839752
v 0.030445 0.084960 0.043011
vn 0.616980 -0.030035 0.786406
v 0.033030 0.083782 0.041637
vn 0.741838 -0.020313 0.670272
v 0.036975 0.079876 0.037198
vn -0.390707 -0.594354 0.702916
v -0.077721 0.113559 0.048156
vn 0.515516 0.387442 0.764285
v 0.029250 0.106519 0.036590
vn 0.831138 0.357905 0.425574
v -0.053078 0.137547 0.028266
vn 0.831845 -0.233301 0.503592
v -0.062991 0.119995 0.045236
vn 0.782510 -0.389051 0.486125
v -0.065398 0.117520 0.048736
vn 0.728146 0.491865 0.477360
v 0.033374 0.112279 0.027788
vn 0.828684 0.046162 0.557809
v 0.038414 0.087490 0.035186
vn 0.957997 -0.285963 0.021600
v -0.061946 0.164792 -0.056648
vn 0.624164 0.069771 0.778171
v -0.022876 0.173928 -0.013431
vn 0.944446 0.086475 -0.317088
v 0.043766 0.088390 -0.003571
vn 0.833441 0.327087 0.445410
v 0.039292 0.101260 0.027551
vn 0.458539 -0.028353 0.888222
v 0.010936 0.086027 0.054733
vn 0.526659 0.134838 0.839315
v 0.024109 0.084493 0.048292
vn 0.761930 0.343799 0.548877
v 0.036758 0.099195 0.032838
vn 0.734330 0.190023 0.651653
v -0.051942 0.125660 0.034588
vn 0.533444 0.279932 0.798170
v -0.031582 0.166418 -0.005732
vn 0.305759 0.150596 0.940124
v 0.007641 0.086427 0.056118
vn 0.569043 0.199536 0.797731
v 0.016771 0.088645 0.050523
vn 0.763073 -0.024766 0.645838
v 0.034405 0.086933 0.040574
vn 0.774427 -0.031278 0.631890
v 0.036144 0.084439 0.037937
vn 0.874269 0.438810 -0.207604
v 0.041259 0.103611 0.002676
vn 0.366286 0.462282 0.807546
v 0.024766 0.110811 0.036728
vn 0.243423 0.772630 0.586335
v -0.022602 0.162504 -0.006072
vn 0.704234 0.291921 0.647176
v -0.012894 0.178790 -0.022625
vn 0.514741 0.280314 0.810225
v -0.024939 0.170311 -0.011330
vn 0.831819 -0.391876 0.393079
v -0.048469 0.145596 0.008366
vn 0.477165 0.210281 0.853285
v 0.012534 0.089594 0.053395
vn 0.563138 0.111220 0.818844
v 0.025873 0.088482 0.046655
vn 0.612114 0.090976 0.785519
v 0.032756 0.088969 0.042215
vn 0.403749 0.571055 0.714761
v -0.023344 0.161034 -0.003186
vn -0.929513 -0.314460 0.192666
v -0.092595 0.119438 0.026803
vn -0.344231 0.033568 -0.938285
v -0.074315 0.137617 -0.006670
vn -0.983752 -0.106810 0.144300
v -0.092499 0.121315 0.029256
vn -0.984294 0.109115 0.138778
v -0.077378 0.157643 -0.014134
vn -0.986646 0.162877 0.000640
v -0.092907 0.123070 0.036523
vn 0.631914 0.041697 0.773916
v 0.028423 0.088011 0.044234
vn 0.758935 0.201146 0.619321
v 0.035252 0.090837 0.039184
vn 0.529561 0.346849 0.774120
v 0.015761 0.093204 0.049939
vn 0.825542 0.234457 0.513332
v 0.038786 0.094954 0.032520
vn 0.738293 0.123908 0.663001
v -0.061511 0.123736 0.043063
vn 0.564223 0.364629 0.740741
v -0.068145 0.127487 0.050149
vn 0.791496 -0.159368 0.590031
v -0.020617 0.182376 -0.014299
vn 0.203295 0.452869 0.868091
v 0.015137 0.115715 0.037032
vn 0.561951 0.363298 0.743119
v -0.050718 0.152763 0.011817
vn 0.573973 0.442032 0.689321
v 0.030169 0.100487 0.039405
vn -0.942028 -0.049124 -0.331918
v -0.087426 0.095470 0.004031
vn 0.745536 -0.168780 0.644740
v -0.060010 0.142845 0.035450
vn 0.791251 -0.017893 0.611229
v -0.058603 0.146372 0.033809
vn 0.612271 0.301104 0.731068
v 0.032412 0.093736 0.040890
vn -0.966101 -0.241624 -0.090926
v -0.075918 0.149977 -0.016842
vn 0.615907 -0.766841 -0.180591
v 0.018597 0.035294 -0.008678
vn 0.588782 -0.779250 -0.214721
v 0.017210 0.035259 -0.014685
vn 0.956669 0.167396 0.238248
v 0.044327 0.090818 0.022098
vn 0.384007 -0.888011 -0.252934
v 0.038336 0.038831 0.003094
vn 0.487722 -0.780288 -0.391508
v 0.022193 0.036775 -0.002092
vn 0.825711 -0.521062 -0.216091
v 0.019636 0.038234 -0.012508
vn 0.719334 -0.599268 0.351336
v 0.023682 0.039763 0.037149
vn 0.537905 -0.825871 -0.169102
v 0.046693 0.042465 0.006565
vn 0.690051 -0.620929 -0.371855
v 0.021621 0.037657 -0.004702
vn 0.569003 -0.525795 -0.632278
v 0.016639 0.038196 -0.019885
vn -0.692455 -0.719876 0.047799
v -0.090254 0.113663 0.037720
vn -0.781695 -0.583404 -0.220437
v -0.090594 0.113731 0.010277
vn 0.876140 0.418250 0.239679
v -0.062542 0.176795 -0.057822
vn 0.854598 0.360368 0.373894
v -0.011092 0.179921 -0.025996
vn 0.956301 -0.282399 -0.075762
v -0.062263 0.152199 -0.022579
vn -0.122627 0.132381 -0.983584
v -0.042277 0.094983 -0.022562
vn 0.469990 -0.791168 -0.391360
v 0.043293 0.041864 0.002063
vn 0.427548 -0.689807 -0.584268
v 0.043780 0.044531 -0.001262
vn 0.761123 -0.583650 -0.282923
v 0.021697 0.040427 -0.009463
vn 0.880498 -0.344597 0.325539
v -0.011184 0.164500 -0.016152
vn 0.943025 -0.315595 -0.105372
v -0.062373 0.153130 -0.028997
vn 0.968602 0.208511 -0.135404
v -0.009249 0.177259 -0.028270
vn 0.903639 -0.047955 -0.425603
v 0.041477 0.085509 -0.009158
vn -0.778805 -0.461903 0.424391
v -0.081269 0.108794 0.029441
vn 0.560106 -0.827673 0.035207
v 0.049576 0.043816 0.014583
vn 0.680520 -0.690344 -0.245596
v 0.052988 0.047748 0.005042
vn 0.810108 -0.519472 -0.271798
v 0.021978 0.042855 -0.014536
vn 0.751974 -0.562793 -0.343218
v 0.018506 0.038294 -0.017136
vn 0.559900 -0.728116 0.395424
v -0.035101 0.152034 -0.000133
vn 0.545532 -0.727539 -0.416031
v 0.048749 0.045265 0.002302
vn 0.601908 0.209992 -0.770461
v 0.031913 0.099870 -0.014621
vn 0.507021 -0.850709 -0.138650
v -0.014223 0.161674 -0.013349
vn 0.940528 0.283760 -0.186780
v -0.048664 0.136385 0.006806
vn 0.407811 -0.355248 -0.841123
v -0.009584 0.174261 -0.028391
vn 0.664134 -0.744942 -0.063142
v 0.052802 0.046540 0.010428
vn 0.617519 -0.591506 -0.518450
v 0.051434 0.048485 0.001040
vn 0.434599 0.315296 -0.843630
v 0.023911 0.098022 -0.020807
vn 0.663979 -0.688037 -0.292809
v 0.024567 0.044130 -0.010821
vn 0.769711 -0.343101 -0.538356
v 0.020357 0.043662 -0.020456
vn -0.083499 0.572141 -0.815894
v -0.021882 0.110874 -0.019695
vn 0.937164 0.178138 0.299985
v -0.053832 0.149817 0.025067
vn 0.671736 -0.728885 0.132276
v 0.054114 0.047773 0.017484
vn 0.815697 -0.572434 -0.083411
v 0.056731 0.050516 0.010627
vn 0.457585 -0.573765 -0.679272
v 0.045942 0.048139 -0.003872
vn -0.604934 -0.777560 0.171624
v -0.083818 0.111091 0.028524
vn 0.683227 -0.614074 -0.395113
v 0.029208 0.047450 -0.008508
vn 0.709203 -0.661668 -0.243364
v 0.028455 0.048067 -0.012847
vn 0.667999 -0.626501 -0.401589
v 0.026637 0.047607 -0.016428
vn 0.700955 -0.549341 -0.454848
v 0.022040 0.044992 -0.017529
vn 0.541750 -0.354533 -0.762111
v 0.019120 0.047168 -0.022115
vn -0.043211 0.301790 -0.952395
v -0.015782 0.100730 -0.023724
vn 0.924843 0.286256 0.250446
v -0.062514 0.172131 -0.052788
vn 0.996601 -0.060553 -0.055856
v -0.062346 0.147455 -0.007660
vn 0.991895 0.111132 0.061593
v 0.045598 0.088152 0.013124
vn 0.992571 0.062740 0.104247
v -0.049423 0.142835 0.008973
vn -0.272575 -0.799069 0.535903
v -0.082762 0.111623 0.044221
vn 0.898358 0.310997 0.310215
v -0.052166 0.150137 0.017449
vn 0.821072 -0.546913 -0.163488
v -0.063617 0.148014 -0.020170
vn 0.830509 0.457625 0.317542
v -0.051493 0.137964 0.023662
vn 0.929444 0.266495 -0.255174
v -0.061518 0.175174 -0.060632
vn 0.780061 -0.623785 0.048960
v 0.056525 0.050126 0.015564
vn 0.777343 -0.460008 -0.429105
v 0.055258 0.051416 0.003206
vn 0.562007 -0.357702 -0.745786
v 0.050318 0.052786 -0.003417
vn 0.919992 0.337463 0.199334
v -0.062682 0.167441 -0.045714
vn 0.787086 -0.546008 0.287003
v 0.056520 0.051180 0.019941
vn 0.848976 -0.473434 -0.234735
v 0.056908 0.051578 0.007254
vn 0.676189 -0.423901 -0.602558
v 0.052854 0.051899 -0.000621
vn -0.288193 -0.749876 -0.595509
v -0.038921 0.033767 -0.029043
vn 0.802801 -0.507194 -0.313473
v 0.029741 0.050325 -0.013991
vn -0.776689 -0.038641 -0.628698
v -0.068796 0.035118 -0.005207
vn 0.925016 -0.315860 0.211136
v 0.058826 0.055504 0.018648
vn -0.033207 0.929873 -0.366379
v -0.026161 0.123100 -0.004474
vn 0.956665 0.118521 0.265980
v -0.053342 0.144012 0.024261
vn 0.898690 -0.437267 0.033966
v 0.058177 0.052821 0.015182
vn 0.959400 -0.281805 0.011744
v 0.059798 0.056840 0.013343
vn 0.755477 -0.251550 -0.604960
v 0.054550 0.056045 -0.000662
vn 0.693422 -0.324210 -0.643470
v 0.026775 0.051423 -0.020234
vn 0.951366 -0.160296 -0.263075
v -0.008696 0.172916 -0.026709
vn -0.711902 -0.617946 0.333675
v -0.077040 0.071967 0.026405
vn 0.958354 -0.263026 -0.111240
v -0.063070 0.158975 -0.042952
vn 0.735646 -0.350760 -0.579476
v 0.035707 0.056083 -0.008999
vn 0.772481 -0.449905 -0.448172
v 0.032600 0.053708 -0.011006
vn 0.819757 -0.314276 -0.478779
v 0.029740 0.052538 -0.016225
vn 0.928001 -0.336353 -0.160254
v 0.059239 0.056363 0.009453
vn 0.869949 -0.291695 -0.397622
v 0.057422 0.056012 0.004025
vn 0.765576 -0.108978 -0.634049
v 0.029063 0.055211 -0.018042
vn -0.162053 0.862921 -0.478650
v -0.017224 0.095214 -0.032085
vn -0.915814 -0.312800 -0.251874
v -0.085911 0.109688 0.007658
vn 0.984155 -0.105100 0.142803
v 0.060595 0.061677 0.015592
vn 0.921308 -0.129665 -0.366577
v 0.059532 0.060505 0.005840
vn 0.805210 -0.076091 -0.588088
v 0.057306 0.059945 0.001889
vn 0.836529 -0.296760 -0.460600
v 0.038829 0.059840 -0.006425
vn 0.754228 -0.264511 -0.600978
v 0.030663 0.057300 -0.016518
vn -0.020564 0.836005 -0.548336
v -0.027762 0.120685 -0.009015
vn -0.935065 0.308508 0.174576
v -0.088195 0.103146 0.017509
vn 0.990686 -0.043453 -0.129046
v 0.060779 0.061647 0.010464
vn 0.757918 -0.351122 -0.549793
v 0.035915 0.059916 -0.011967
vn 0.678432 -0.243276 -0.693215
v 0.024252 0.056457 -0.024255
vn 0.991626 0.054380 0.117135
v -0.061954 0.168653 -0.052621
vn -0.680939 -0.731706 0.030473
v -0.090558 0.112760 0.016141
vn -0.679025 -0.731538 -0.061462
v -0.088469 0.111243 0.012679
vn 0.930081 0.101355 -0.353096
v 0.059558 0.063099 0.005947
vn 0.690676 -0.227581 -0.686421
v 0.030940 0.060518 -0.018133
vn -0.964893 0.047658 0.258284
v -0.093576 0.124746 0.026213
vn -0.994070 -0.102396 0.036601
v -0.093190 0.120199 0.037914
vn 0.899400 0.264798 0.347795
v -0.009230 0.173145 -0.024198
vn -0.785546 -0.574422 0.230123
v -0.081739 0.076861 0.023314
vn 0.485229 -0.874377 0.004100
v -0.036993 0.150639 -0.002037
vn 0.957830 0.126405 0.258038
v 0.060094 0.065693 0.018533
vn 0.947005 0.193537 -0.256368
v 0.059837 0.066423 0.008514
vn 0.886724 -0.230276 -0.400865
v 0.040706 0.064475 -0.005592
vn 0.748409 -0.213961 -0.627777
v 0.034746 0.063261 -0.014647
vn 0.955526 0.274312 0.108272
v -0.061880 0.160004 -0.025806
vn -0.926998 -0.366333 -0.080463
v -0.076538 0.153449 -0.012899
vn 0.814624 -0.233503 -0.530908
v 0.038111 0.064812 -0.011142
vn 0.643052 -0.125480 -0.755473
v 0.031909 0.064657 -0.018473
vn -0.810793 0.126706 -0.571455
v -0.083159 0.146743 0.003076
vn -0.957617 0.251301 -0.140775
v -0.087056 0.105628 0.009765
vn -0.355148 0.884441 -0.302710
v -0.071448 0.181053 -0.055479
vn -0.683959 -0.019736 -0.729254
v -0.085632 0.124611 -0.002734
vn 0.991712 0.122346 0.039232
v 0.060729 0.065807 0.013975
vn 0.848723 -0.140285 -0.509891
v 0.039910 0.068172 -0.009570
vn 0.735151 -0.051180 -0.675968
v 0.034982 0.067741 -0.015683
vn -0.963523 0.265864 0.030650
v -0.091822 0.127473 0.036459
vn 0.978928 -0.202578 -0.025742
v -0.062425 0.163666 -0.049667
vn -0.282275 -0.942951 -0.176536
v -0.071169 0.147402 -0.027591
vn 0.849464 0.211766 -0.483287
v -0.050365 0.137158 0.001953
vn 0.901190 0.353852 0.250292
v -0.050493 0.141599 0.016292
vn 0.907241 0.389422 0.158949
v 0.059887 0.068513 0.016172
vn 0.977209 0.141196 0.158510
v -0.061407 0.172688 -0.058266
vn 0.683042 -0.153944 -0.713971
v 0.024991 0.065897 -0.023568
vn -0.875125 -0.348955 -0.335242
v -0.074853 0.149931 -0.027753
vn -0.269994 -0.909852 0.315076
v -0.062226 0.060265 0.020449
vn -0.614887 -0.359202 0.702060
v -0.062002 0.036435 0.043919
vn 0.724409 0.687833 -0.046007
v 0.058375 0.071186 0.013073
vn 0.356347 0.690819 -0.629115
v -0.036125 0.122867 -0.008293
vn 0.645987 -0.129586 -0.752269
v 0.029217 0.067850 -0.020419
vn 0.151761 0.874734 -0.460226
v -0.041682 0.125751 -0.007019
vn -0.758665 -0.520743 -0.391477
v -0.074227 0.164370 -0.038240
vn 0.311762 -0.668770 -0.674945
v -0.009785 0.169285 -0.024757
vn -0.895374 -0.049048 -0.442605
v -0.089578 0.120783 0.003523
vn 0.988306 0.144805 0.047774
v -0.062312 0.163711 -0.040624
vn 0.919164 0.229332 -0.320225
v 0.043515 0.091520 -0.002647
vn 0.931014 0.361380 0.051158
v -0.048434 0.137550 0.013245
vn -0.999238 0.027979 -0.027206
v -0.089313 0.136530 0.030459
vn -0.887798 -0.380415 -0.259034
v -0.074230 0.156527 -0.025167
vn 0.752888 0.053734 -0.655951
v 0.037379 0.073093 -0.012635
vn 0.652278 -0.184025 -0.735302
v 0.026322 0.070241 -0.023879
vn 0.699319 -0.713614 0.041332
v -0.048024 0.144266 0.004250
vn -0.905483 -0.423012 -0.034069
v -0.092020 0.116115 0.035843
vn -0.493119 -0.543862 0.679005
v -0.071306 0.073899 0.035970
vn 0.962232 -0.230686 -0.144544
v -0.062059 0.156978 -0.033785
vn 0.970390 -0.117508 0.211036
v -0.009702 0.167389 -0.019360
vn 0.925009 -0.135105 -0.355112
v 0.043342 0.071676 -0.002230
vn 0.915082 -0.131270 -0.381305
v 0.041772 0.069568 -0.006160
vn 0.753801 -0.068741 -0.653497
v 0.033505 0.072810 -0.017035
vn 0.689663 -0.146185 -0.709221
v 0.029665 0.071507 -0.021282
vn 0.502367 -0.730965 0.461862
v -0.029460 0.155503 -0.001191
vn -0.921324 0.228074 -0.314873
v -0.086396 0.104794 0.005982
vn 0.901978 0.087406 0.422842
v -0.054911 0.146623 0.028439
vn 0.962667 -0.026872 -0.269351
v 0.044204 0.085204 -0.002117
vn 0.908390 -0.050309 -0.415085
v 0.043264 0.075811 -0.003884
vn 0.458692 0.427993 -0.778732
v 0.013097 0.091126 -0.029270
vn -0.362236 0.110551 -0.925507
v -0.067069 0.091145 -0.017426
vn -0.894758 0.012209 -0.446383
v -0.090822 0.122769 0.006100
vn 0.929844 0.065062 -0.362156
v 0.045620 0.074684 0.002607
vn -0.949414 -0.055360 -0.309110
v -0.093040 0.120264 0.011217
vn 0.978641 0.172224 0.112255
v 0.044636 0.092794 0.017832
vn 0.566681 -0.780752 -0.263247
v -0.011243 0.164575 -0.018241
vn 0.981062 0.046832 -0.187946
v 0.045511 0.086953 0.003887
vn 0.992468 0.054603 -0.109664
v 0.046253 0.077374 0.006914
vn 0.827227 0.001398 -0.561866
v 0.040282 0.072637 -0.009288
vn 0.936551 0.331168 -0.114890
v 0.043218 0.099487 0.005015
vn 0.949129 0.061033 0.308915
v -0.051108 0.145202 0.014279
vn 0.959966 0.188876 -0.206859
v 0.044693 0.092689 0.002247
vn 0.916535 0.182289 0.355998
v 0.043423 0.091860 0.024538
vn 0.875666 0.480785 -0.045335
v 0.040751 0.105547 0.007507
vn -0.922876 0.080977 -0.376488
v -0.085613 0.096277 -0.000665
vn 0.817484 -0.065922 -0.572166
v 0.040721 0.078476 -0.008213
vn 0.786872 -0.116274 -0.606064
v 0.035538 0.076063 -0.014435
vn -0.995968 -0.034272 -0.082903
v -0.092737 0.120731 0.032693
vn 0.998781 -0.010031 0.048332
v -0.062279 0.151666 -0.014673
vn 0.960473 0.031426 -0.276594
v 0.044960 0.080943 0.000611
vn 0.800481 -0.247698 -0.545780
v 0.037815 0.079698 -0.013290
vn 0.702249 -0.153266 -0.695238
v 0.033864 0.078657 -0.017632
vn -0.977114 -0.177088 0.117849
v -0.091044 0.141999 0.021730
vn -0.633545 -0.285372 -0.719155
v -0.074004 0.178185 -0.053916
vn 0.996338 0.079404 -0.031708
v -0.061769 0.160680 -0.034046
vn 0.974490 -0.178878 -0.135541
v -0.049747 0.141125 0.005294
vn 0.873248 0.143048 0.465806
v 0.041065 0.090461 0.029889
vn -0.658061 -0.661409 0.359853
v -0.072916 0.065057 0.018795
vn -0.986660 -0.130228 -0.097685
v -0.090950 0.138954 0.017371
vn 0.931032 0.363884 0.027723
v 0.042879 0.100938 0.009475
vn -0.653204 -0.517530 -0.552710
v -0.072455 0.176107 -0.053535
vn -0.982512 -0.081996 -0.167171
v -0.075863 0.150713 -0.009021
vn -0.896740 0.224599 -0.381330
v -0.085270 0.102678 0.001394
vn -0.533915 -0.154885 -0.831231
v -0.077026 0.113968 -0.004617
vn 0.991706 0.126387 0.023344
v 0.046281 0.078702 0.014786
vn 0.886550 -0.105733 -0.450389
v 0.042107 0.081533 -0.006669
vn 0.712149 -0.131823 -0.689541
v 0.036524 0.081992 -0.016230
vn -0.472707 0.737938 -0.481660
v -0.037420 0.045428 -0.024227
vn -0.750720 0.382293 -0.538768
v -0.085149 0.139655 0.002481
vn 0.888515 0.446043 0.107642
v -0.063313 0.165033 -0.032895
vn 0.997741 -0.065743 -0.013803
v -0.061591 0.156816 -0.025946
vn 0.996129 0.087284 -0.010441
v 0.045919 0.087036 0.008424
vn 0.974216 0.038851 -0.222247
v 0.044631 0.084178 0.000827
vn 0.532300 -0.844538 0.058414
v -0.044843 0.146294 0.001711
vn 0.666446 0.736431 0.116271
v -0.064124 0.179536 -0.058730
vn 0.352622 0.911925 0.209881
v -0.067070 0.180727 -0.056619
vn 0.646519 0.647941 0.402722
v -0.064794 0.178853 -0.055883
vn 0.755208 0.549512 0.357349
v -0.064371 0.172962 -0.049226
vn 0.200749 0.912550 0.356303
v -0.070382 0.180712 -0.053173
vn -0.149559 0.873370 0.463526
v -0.075269 0.152329 0.034374
vn -0.260317 0.960195 0.101299
v -0.016273 0.128445 0.016684
vn 0.094459 0.995417 0.014928
v -0.062116 0.156008 0.018034
vn 0.500222 0.844537 0.191144
v -0.056011 0.153817 0.025369
vn -0.045598 0.697599 0.715036
v -0.037278 0.172891 -0.000866
vn -0.196277 0.939113 0.282031
v -0.074159 0.179873 -0.050795
vn -0.206902 0.978111 -0.022147
v -0.079040 0.155374 0.015142
vn -0.083898 0.951814 0.294978
v -0.072506 0.154595 0.029589
vn 0.508677 0.722364 0.468443
v -0.067738 0.177289 -0.050376
vn -0.095144 0.911654 0.399792
v -0.007535 0.100213 0.047489
vn 0.244605 0.944031 0.221301
v -0.059576 0.154724 0.026373
vn -0.223130 0.916194 0.332868
v -0.077383 0.153466 0.030895
vn -0.281874 0.958590 0.040658
v -0.081497 0.154731 0.019697
vn -0.175730 0.889675 0.421422
v -0.072223 0.158967 -0.005424
vn 0.714176 0.687923 0.129286
v -0.013709 0.184912 -0.025550
vn 0.308835 0.791595 0.527256
v -0.043465 0.124511 0.022519
vn 0.274782 0.958208 0.079579
v -0.069104 0.155595 0.001637
vn -0.325254 0.940196 0.101199
v -0.073748 0.155393 0.002349
vn 0.560669 0.741645 0.368256
v -0.068192 0.174398 -0.045366
vn 0.319256 0.796358 0.513702
v -0.060053 0.152803 0.032888
vn -0.295521 0.938137 0.180460
v -0.023459 0.126154 0.016614
vn 0.159148 0.869222 0.468108
v -0.072777 0.178545 -0.048209
vn -0.546184 0.777432 0.311902
v -0.076596 0.177532 -0.047118
vn 0.324506 0.881646 0.342630
v 0.013906 0.127908 0.025110
vn -0.978556 -0.200394 -0.047640
v -0.086368 0.109065 0.011981
vn 0.138127 0.858857 0.493239
v -0.031359 0.121410 0.025971
vn 0.843040 0.481451 0.239768
v -0.049105 0.136669 0.019314
vn 0.322021 0.946724 -0.004047
v -0.042931 0.129284 0.009270
vn 0.221087 0.954319 -0.200986
v -0.065320 0.153903 0.000914
vn 0.030811 0.880485 0.473072
v -0.037606 0.124226 0.024314
vn 0.182412 0.962739 0.199647
v 0.009508 0.130419 0.020715
vn -0.082292 0.993447 0.079322
v -0.001798 0.131173 0.016361
vn 0.016677 0.978714 0.204552
v 0.003623 0.130768 0.021169
vn -0.935941 -0.264101 -0.232948
v -0.092675 0.117019 0.011890
vn 0.050390 0.980239 0.191293
v -0.065740 0.155653 0.026018
vn -0.859056 0.117822 -0.498138
v -0.086562 0.142492 0.008433
vn -0.017856 0.998683 -0.048096
v -0.070732 0.155700 0.006906
vn -0.167991 0.983392 0.068695
v -0.008084 0.130305 0.016872
vn 0.740893 0.532608 0.409154
v -0.044286 0.126066 0.020795
vn 0.003046 0.819632 0.572882
v -0.070222 0.151435 0.036719
vn 0.806458 0.361335 0.468042
v -0.015211 0.184636 -0.022057
vn 0.388694 0.909978 0.144416
v -0.017271 0.186996 -0.019978
vn -0.506137 0.791861 -0.341733
v -0.083561 0.152559 0.007681
vn -0.946052 0.074163 -0.315414
v -0.088130 0.097541 0.005679
vn -0.909719 0.280306 -0.306334
v -0.088399 0.138990 0.010641
vn 0.024794 0.998121 -0.056035
v -0.067781 0.156145 0.014276
vn -0.146175 0.834706 0.530942
v -0.006586 0.126417 0.030226
vn -0.873934 0.398451 -0.278346
v -0.088746 0.136256 0.007148
vn -0.793853 -0.548780 -0.261987
v -0.077207 0.156400 -0.018973
vn -0.885610 -0.418199 0.202001
v -0.093176 0.118210 0.023362
vn -0.238428 0.971091 -0.011588
v -0.023507 0.126720 0.010997
vn 0.651100 0.707351 0.275181
v -0.066547 0.171711 -0.042128
vn 0.506448 0.819185 0.269158
v -0.069136 0.172478 -0.039013
vn 0.597152 0.742634 -0.303157
v 0.057180 0.071108 0.008031
vn -0.699146 0.666798 -0.258023
v -0.075391 0.179528 -0.052402
vn 0.249966 0.967455 -0.039334
v -0.031829 0.126391 0.010013
vn -0.206530 0.951988 0.225974
v -0.008989 0.129523 0.022027
vn 0.768553 0.562581 -0.304678
v 0.034326 0.111933 -0.002241
vn -0.732433 0.221763 -0.643711
v -0.081415 0.097100 -0.006875
vn -0.666350 0.580492 -0.467982
v -0.023299 0.183243 -0.017923
vn -0.084882 0.994634 -0.059154
v -0.061642 0.155820 0.011100
vn -0.946715 -0.171916 0.272353
v -0.088826 0.090483 0.021205
vn 0.833276 0.404314 -0.377070
v 0.058373 0.068068 0.005725
vn 0.546653 0.770596 0.327646
v -0.043046 0.127851 0.016842
vn 0.676557 0.634635 -0.373509
v 0.030836 0.115542 -0.003179
vn -0.973496 -0.035245 -0.225972
v -0.088631 0.094881 0.007934
vn -0.902624 -0.426825 -0.055591
v -0.091715 0.117100 0.030809
vn 0.353012 0.851000 0.388820
v -0.072084 0.174998 -0.041930
vn -0.029991 0.904778 0.424826
v -0.069541 0.153085 0.033866
vn 0.934160 0.330271 -0.135152
v 0.060079 0.068129 0.011455
vn 0.022562 0.909809 0.414414
v -0.040081 0.126284 0.019607
vn 0.759708 0.636715 -0.132055
v 0.032820 0.116556 0.004446
vn -0.661816 -0.746425 -0.069635
v -0.072823 0.145106 -0.015655
vn -0.877720 0.321421 0.355382
v -0.085270 0.105518 0.023291
vn -0.600438 0.281008 -0.748671
v -0.076051 0.111038 -0.006272
vn -0.481347 0.825829 0.293789
v -0.086538 0.151548 0.025875
vn 0.323306 0.932305 -0.162117
v 0.055888 0.072579 0.010670
vn 0.270062 0.807607 0.524249
v -0.054642 0.155230 0.012612
vn 0.802713 0.571139 -0.171613
v 0.036730 0.111168 0.003867
vn 0.686008 0.685195 -0.244747
v 0.031502 0.117252 0.001686
vn -0.682629 0.162133 -0.712552
v -0.078752 0.095240 -0.010601
vn -0.963226 0.146574 0.225194
v -0.089408 0.143528 0.030925
vn -0.068514 0.949734 0.305470
v -0.020891 0.185953 -0.015037
vn 0.175266 0.846096 0.503392
v -0.070864 0.161365 -0.009732
vn 0.253280 0.917272 0.307347
v -0.070920 0.171367 -0.032764
vn 0.213887 0.943680 0.252430
v -0.030771 0.125641 0.016595
vn 0.759534 0.627291 0.172087
v -0.054454 0.152977 0.022505
vn -0.023639 0.838467 0.544439
v -0.001554 0.127547 0.029233
vn 0.638175 0.758592 -0.131418
v 0.029131 0.120274 0.006112
vn 0.574562 0.760121 -0.303472
v 0.025726 0.121227 -0.000036
vn -0.978090 0.200635 -0.055558
v -0.089319 0.099547 0.013418
vn -0.508427 0.803231 0.310357
v -0.075429 0.170956 -0.032880
vn -0.206942 0.764497 0.610508
v -0.028596 0.119012 0.029888
vn 0.497918 0.821561 -0.277698
v 0.021070 0.124978 0.001100
vn -0.882565 -0.309879 0.353631
v -0.092241 0.118168 0.041202
vn -0.016268 0.897612 0.440485
v 0.002409 0.100168 0.046938
vn 0.700491 0.588362 0.403909
v -0.056628 0.152706 0.029629
vn 0.339906 0.936345 0.087881
v -0.057265 0.155062 0.019322
vn 0.110344 0.787748 0.606034
v -0.036452 0.121999 0.027671
vn -0.198324 0.894985 0.399587
v -0.074108 0.173557 -0.037987
vn 0.024561 0.999040 -0.036270
v 0.051537 0.073497 0.012699
vn 0.109754 0.985155 -0.132002
v -0.066096 0.155325 0.007156
vn 0.813999 0.580670 -0.015121
v 0.036102 0.112661 0.010492
vn 0.390467 0.848463 -0.357275
v 0.016715 0.126899 0.000223
vn -0.782802 0.169922 -0.598621
v -0.080768 0.143014 -0.001531
vn -0.997641 -0.051215 -0.045704
v -0.091758 0.143346 0.017791
vn -0.427755 0.901918 -0.059753
v -0.086825 0.152808 0.015521
vn 0.687812 0.691541 0.220649
v -0.065808 0.167643 -0.030559
vn -0.810823 0.517792 0.272867
v -0.078217 0.168740 -0.033564
vn 0.020906 0.733266 0.679621
v -0.072567 0.147532 0.041714
vn 0.740813 0.604098 0.293703
v 0.058440 0.070201 0.017780
vn 0.541248 0.808883 0.229694
v 0.056848 0.072017 0.017139
vn 0.284757 0.957785 0.039515
v 0.054919 0.073162 0.015224
vn 0.580903 0.813134 -0.036936
v 0.047447 0.073691 0.012430
vn 0.273209 0.919707 -0.281949
v 0.012319 0.129038 0.001334
vn -0.688302 0.279747 -0.669315
v -0.079791 0.103517 -0.006628
vn -0.230579 0.966343 -0.114079
v -0.076655 0.155098 0.007969
vn 0.442910 0.706207 0.552361
v 0.021747 0.121185 0.030879
vn -0.132150 0.800459 0.584639
v -0.075260 0.149386 0.039176
vn -0.560023 0.827050 -0.048612
v -0.025920 0.182728 -0.013541
vn 0.492527 0.830146 0.261296
v -0.067984 0.169748 -0.031627
vn 0.348569 0.792496 0.500449
v 0.016831 0.124871 0.028426
vn 0.190900 0.940674 0.280517
v 0.054016 0.072884 0.018678
vn -0.083645 0.988384 0.126885
v 0.050523 0.073398 0.016167
vn -0.400950 0.903641 0.150571
v -0.059582 0.156233 0.007921
vn 0.569005 0.820114 -0.060379
v 0.025344 0.123747 0.009982
vn 0.454542 0.878852 -0.144951
v 0.019263 0.126894 0.005555
vn -0.974358 -0.163946 0.154104
v -0.090759 0.142234 0.026008
vn 0.847113 0.519809 0.110446
v -0.046548 0.133208 0.016890
vn 0.005930 0.810370 0.585889
v -0.024107 0.183809 -0.011545
vn 0.131858 0.914789 0.381805
v 0.008678 0.128946 0.026157
vn -0.001954 0.933917 0.357485
v 0.002492 0.129836 0.024847
vn 0.640913 0.598521 0.480628
v 0.057345 0.069483 0.021154
vn -0.380280 0.917524 0.116350
v -0.085330 0.153399 0.020378
vn 0.753926 0.656697 -0.018551
v 0.032877 0.116915 0.009296
vn 0.562070 0.809827 -0.168097
v 0.024247 0.123778 0.004876
vn 0.833438 0.482408 0.269562
v -0.047766 0.133020 0.022874
vn 0.820851 0.538090 0.191475
v -0.063542 0.163321 -0.025913
vn 0.594170 0.735570 0.325421
v -0.066605 0.164774 -0.020671
vn 0.488916 0.812093 0.318538
v -0.068504 0.167320 -0.023960
vn -0.098899 0.920584 0.377815
v -0.072759 0.169659 -0.027013
vn 0.205055 0.928133 0.310680
v 0.048207 0.072699 0.016995
vn -0.060308 0.922023 0.382408
v -0.027383 0.123243 0.021659
vn 0.746227 0.663748 -0.050824
v -0.045077 0.131244 0.011146
vn 0.673914 0.738792 0.005160
v 0.029253 0.120577 0.012299
vn 0.329963 0.939840 -0.088455
v 0.013678 0.129673 0.006933
vn 0.161338 0.975644 -0.148620
v 0.008421 0.130910 0.006275
vn -0.030790 0.964637 -0.261778
v 0.000968 0.130643 0.002587
vn 0.135417 0.789597 0.598497
v 0.003080 0.098307 0.050536
vn 0.597536 0.584212 0.549223
v -0.052420 0.153101 0.012927
vn 0.279757 0.897297 0.341458
v -0.070360 0.169070 -0.026144
vn 0.315183 0.795878 0.516951
v 0.054359 0.071467 0.021381
vn 0.812479 0.334219 0.477677
v 0.045161 0.071030 0.022531
vn 0.460595 0.887150 -0.028580
v 0.019320 0.127383 0.011296
vn -0.971255 0.156743 -0.179151
v -0.093281 0.126911 0.013505
vn -0.951126 0.308469 -0.014387
v -0.087405 0.105940 0.013646
vn -0.608325 0.478850 0.632964
v -0.022852 0.090635 0.052280
vn 0.126386 0.938912 0.320110
v -0.062099 0.154067 0.030837
vn 0.334679 0.575366 0.746287
v -0.045852 0.120730 0.027665
vn -0.096336 0.912346 0.397924
v 0.050782 0.072155 0.020680
vn -0.991582 -0.111306 0.066153
v -0.089607 0.139711 0.029309
vn 0.730363 0.648345 0.214985
v -0.053323 0.152735 0.016214
vn -0.315908 0.900886 0.297668
v -0.015227 0.127849 0.021545
vn 0.769530 0.636862 0.047225
v 0.033664 0.115742 0.017181
vn 0.554581 0.831003 0.043288
v 0.024000 0.124688 0.015518
vn -0.835641 0.155535 -0.526796
v -0.084167 0.097757 -0.003276
vn 0.264065 0.964443 0.010925
v -0.036224 0.127775 0.009850
vn 0.235785 0.967232 -0.094162
v -0.039190 0.128282 0.005035
vn -0.540227 0.841495 0.006492
v -0.033674 0.177744 -0.008180
vn -0.646970 0.696748 0.309794
v -0.074489 0.156494 -0.002595
vn 0.826712 0.542292 -0.149887
v -0.046756 0.132843 0.008121
vn -0.405838 0.896422 -0.178109
v -0.084970 0.153223 0.012654
vn -0.253735 0.867449 0.427962
v -0.010866 0.126917 0.027575
vn -0.136811 0.980900 -0.138268
v -0.003107 0.130729 0.005643
vn -0.956583 0.118407 0.266323
v -0.088761 0.097037 0.021079
vn -0.389821 -0.831281 0.396248
v -0.064811 0.034531 0.015508
vn -0.844815 -0.179446 -0.504070
v -0.064300 0.035086 0.024272
vn -0.949718 -0.298335 0.095035
v -0.066727 0.035896 0.033849
vn 0.269293 0.300267 -0.915052
v 0.019839 0.096519 -0.022786
vn -0.345722 -0.257198 -0.902400
v -0.038671 0.160702 -0.012358
vn -0.400743 0.138140 -0.905716
v -0.076890 0.130419 -0.006957
vn -0.899998 -0.372816 0.225858
v -0.072540 0.035399 0.007030
vn -0.759375 -0.230359 0.608510
v -0.069209 0.035455 0.012042
vn -0.781466 -0.075916 0.619312
v -0.064161 0.035901 0.017688
vn -0.977889 0.198283 0.066456
v -0.066804 0.037378 0.033296
vn -0.750697 0.210370 0.626257
v -0.062928 0.039062 0.042708
vn -0.890060 0.208836 0.405193
v -0.071752 0.036789 0.008697
vn -0.842962 0.201386 -0.498858
v -0.065171 0.037290 0.025954
vn -0.971784 0.132628 -0.195052
v -0.066392 0.037712 0.029622
vn -0.878951 0.286540 0.381235
v -0.064559 0.039640 0.039412
vn -0.520745 0.381988 0.763485
v -0.060146 0.041202 0.044294
vn -0.536706 0.106680 0.836998
v -0.060318 0.038443 0.045246
vn -0.305690 -0.081470 -0.948639
v -0.036756 0.088663 -0.023869
vn -0.331478 0.047568 0.942263
v -0.039495 0.037552 0.042871
vn -0.972813 0.228404 -0.038299
v -0.072016 0.037573 0.003979
vn -0.923667 0.381475 0.036277
v -0.071694 0.039461 0.006014
vn -0.769201 0.421683 0.480119
v -0.071166 0.039366 0.008114
vn -0.707936 0.361345 0.606841
v -0.069000 0.038468 0.010769
vn -0.676069 0.410471 0.611918
v -0.067253 0.038142 0.013534
vn -0.839013 0.528251 0.130416
v -0.061126 0.037790 0.019711
vn -0.279097 0.361429 0.889648
v -0.039180 0.042407 0.041476
vn -0.763873 0.045109 0.643788
v -0.035146 0.038586 0.047733
vn -0.411631 0.051074 0.909918
v -0.028951 0.039286 0.053309
vn -0.367485 0.804239 0.467070
v -0.018224 0.097495 0.046848
vn -0.053333 0.038538 -0.997833
v -0.066916 0.122789 -0.008908
vn -0.612149 0.477242 0.630487
v -0.063755 0.038250 0.016593
vn -0.777967 0.494321 -0.387832
v -0.064416 0.041284 0.028243
vn -0.826807 0.133107 0.546509
v -0.085856 0.097025 0.027415
vn -0.714475 0.291595 0.636001
v -0.037501 0.040222 0.044297
vn -0.746443 0.260273 0.612438
v -0.034334 0.040924 0.048426
vn -0.597650 0.201320 0.776070
v -0.031173 0.040294 0.051312
vn -0.734313 0.652802 0.186103
v -0.069997 0.042073 0.006690
vn -0.701331 0.167826 0.692798
v -0.080379 0.097801 0.033646
vn -0.804082 -0.374872 0.461435
v -0.026273 0.077631 0.048356
vn -0.676032 0.444452 0.587744
v -0.037501 0.042737 0.042988
vn -0.270389 0.382420 0.883541
v -0.026177 0.042499 0.053315
vn -0.788786 0.600647 -0.130537
v -0.069637 0.041881 0.003183
vn -0.620659 0.538500 0.569913
v -0.067157 0.041973 0.010241
vn -0.900452 0.304224 0.310860
v -0.087406 0.102052 0.022020
vn -0.697836 -0.310077 0.645661
v -0.023944 0.078800 0.053535
vn -0.630971 0.488461 0.602728
v -0.060902 0.043430 0.042679
vn -0.519704 0.498811 0.693610
v -0.031218 0.043848 0.049781
vn -0.648256 0.065492 0.758600
v -0.075729 0.103540 0.036071
vn -0.519799 0.620120 0.587588
v -0.062425 0.041886 0.014647
vn -0.387213 0.788500 0.477842
v -0.061052 0.044392 0.012422
vn 0.478130 0.221178 -0.849983
v 0.025855 0.089611 -0.022702
vn -0.625703 -0.344213 0.700010
v -0.077645 0.082215 0.035798
vn -0.549891 0.761313 0.343545
v -0.060381 0.045921 0.040089
vn -0.793621 -0.052076 0.606180
v -0.024982 0.081778 0.053421
vn -0.674236 0.516983 0.527384
v -0.034454 0.044564 0.045423
vn -0.516793 0.711171 0.476614
v -0.029843 0.046782 0.047747
vn -0.158818 0.628536 0.761393
v -0.015120 0.099930 0.044500
vn -0.510224 0.768945 0.385221
v -0.067306 0.044177 0.007596
vn -0.458001 0.750058 0.477125
v -0.057853 0.046445 0.011063
vn -0.611502 0.775635 0.156379
v -0.051815 0.163926 0.001749
vn -0.187352 0.938093 0.291342
v -0.055174 0.048384 0.038518
vn -0.639396 -0.201549 0.741991
v -0.078849 0.118674 0.050623
vn -0.805057 0.251355 0.537312
v -0.027229 0.087991 0.047910
vn -0.730058 0.593920 0.338046
v -0.075537 0.159771 -0.010439
vn -0.391238 0.551185 0.736972
v -0.036151 0.046505 0.040741
vn -0.718642 0.445715 0.533752
v -0.025439 0.090678 0.048852
vn -0.436727 -0.362252 0.823434
v -0.080050 0.116704 0.048762
vn -0.643388 0.537773 0.544841
v -0.052514 0.047578 0.014858
vn -0.380570 0.786426 0.486520
v -0.032044 0.050462 0.039342
vn -0.492029 0.719414 0.490256
v -0.031488 0.046930 0.045253
vn -0.454678 0.697773 0.553517
v -0.020321 0.094000 0.051589
vn -0.396013 0.034972 0.917579
v -0.072145 0.091556 0.041495
vn -0.714233 0.409506 0.567606
v -0.053644 0.049358 0.012202
vn -0.225533 -0.215538 0.950094
v -0.082404 0.121866 0.049365
vn -0.398503 0.650837 0.646225
v -0.049754 0.049738 0.037037
vn -0.494591 0.719886 0.486973
v -0.032332 0.048673 0.042524
vn -0.520618 0.640977 0.564008
v -0.023123 0.094516 0.047359
vn -0.843278 -0.078220 0.531755
v -0.086347 0.091722 0.026811
vn -0.725861 0.597723 0.340371
v -0.057713 0.048718 0.007277
vn -0.876790 -0.252069 0.409512
v -0.086970 0.088912 0.024880
vn -0.937728 0.256247 0.234528
v -0.092238 0.124885 0.040787
vn -0.289537 0.834616 0.468599
v -0.015863 0.097022 0.050139
vn -0.325507 0.837904 0.438136
v -0.027720 0.050502 0.043341
vn -0.651441 0.542313 0.530586
v -0.085919 0.142634 0.039850
vn -0.620022 -0.000231 0.784585
v -0.075097 0.090074 0.039581
vn -0.856944 0.387800 0.339496
v -0.089431 0.147306 0.027695
vn -0.789756 0.125417 0.600464
v -0.053288 0.051926 0.011730
vn -0.972772 -0.229544 0.032002
v -0.050169 0.053462 0.016255
vn -0.645820 0.611679 0.456909
v -0.085986 0.146709 0.034827
vn -0.473519 -0.114107 0.873361
v -0.069937 0.086077 0.042176
vn -0.785156 0.427583 0.447998
v -0.050399 0.051831 0.034037
vn -0.486484 0.743544 0.458777
v -0.083299 0.149608 0.033741
vn -0.266318 0.691500 0.671493
v -0.029175 0.052265 0.037637
vn -0.692169 -0.134854 0.709025
v -0.088764 0.119449 0.046560
vn -0.579132 0.714655 0.392267
v -0.077693 0.173680 -0.041479
vn -0.758681 0.035855 0.650475
v -0.083418 0.094127 0.030898
vn -0.924490 0.100536 0.367711
v -0.056068 0.053471 0.007372
vn -0.318393 0.766609 0.557618
v -0.078936 0.148172 0.039463
vn -0.440748 0.024385 0.897299
v -0.067903 0.087817 0.043527
vn -0.123180 -0.024455 -0.992083
v -0.044111 0.092884 -0.022373
vn -0.764854 0.253234 0.592344
v -0.086605 0.132268 0.046783
vn -0.940755 -0.011888 0.338879
v -0.092654 0.120840 0.041630
vn -0.840244 0.027461 0.541513
v -0.050887 0.052728 0.014456
vn -0.869550 0.077793 0.487679
v -0.049763 0.056241 0.033624
vn -0.868662 0.269933 0.415405
v -0.089771 0.129049 0.043023
vn -0.460526 0.170124 0.871191
v -0.028054 0.054551 0.036787
vn -0.775365 -0.033505 0.630624
v -0.025867 0.056689 0.039182
vn -0.508802 -0.162306 -0.845445
v -0.083702 0.122264 -0.003730
vn -0.418047 0.172340 0.891928
v -0.081455 0.130122 0.052118
vn -0.688481 -0.677934 0.257680
v -0.051459 0.055878 0.015900
vn -0.968645 -0.068129 -0.238926
v -0.078598 0.174416 -0.046608
vn -0.690516 -0.706122 0.156779
v -0.052910 0.057043 0.020988
vn -0.670383 -0.626238 0.398012
v -0.052979 0.059554 0.026212
vn -0.985407 -0.144360 0.090188
v -0.052131 0.056303 0.026672
vn -0.729233 -0.159590 0.665394
v -0.047715 0.061945 0.036706
vn -0.850033 -0.411559 0.328730
v -0.083540 0.081170 0.027014
vn -0.689156 -0.205735 0.694792
v -0.018340 0.057490 0.049763
vn -0.752382 -0.020558 0.658406
v -0.080070 0.090586 0.034593
vn -0.844941 -0.183229 0.502496
v -0.083812 0.086338 0.029223
vn -0.344767 -0.830044 0.438363
v -0.055437 0.059420 0.023019
vn -0.478910 0.649004 0.591133
v -0.082228 0.145138 0.040600
vn -0.805556 -0.323593 0.496354
v -0.024188 0.072269 0.047681
vn -0.800280 -0.142760 0.582384
v -0.025353 0.062567 0.040642
vn -0.813701 0.136663 0.564990
v -0.091132 0.122821 0.044115
vn -0.450291 0.804028 0.388300
v -0.046076 0.168197 0.000737
vn -0.821537 0.417200 0.388613
v -0.087829 0.143515 0.035708
vn -0.765069 0.392975 0.510137
v -0.086991 0.138123 0.042317
vn -0.466443 -0.238284 0.851852
v -0.015716 0.060823 0.052365
vn -0.488505 -0.217904 0.844914
v -0.083804 0.125611 0.050440
vn -0.392696 0.428826 -0.813571
v -0.062787 0.112742 -0.013605
vn -0.769639 -0.159042 0.618354
v -0.081034 0.084698 0.033106
vn -0.616749 -0.464811 0.635273
v -0.088564 0.116245 0.045393
vn -0.731861 -0.222699 0.644037
v -0.020268 0.062267 0.048212
vn -0.379186 -0.204632 0.902410
v -0.012620 0.061635 0.054424
vn -0.465307 -0.321289 0.824781
v -0.070491 0.081818 0.040610
vn -0.614724 0.376685 0.692981
v -0.083883 0.133315 0.049114
vn -0.313471 0.944681 0.096504
v -0.056560 0.048356 0.036607
vn 0.201235 0.211751 -0.956382
v 0.009944 0.109197 -0.019473
vn -0.027240 -0.516003 0.856154
v -0.055928 0.035917 0.046376
vn -0.700543 0.628622 0.337750
v -0.076003 0.163613 -0.018021
vn -0.786786 0.249948 0.564352
v -0.083799 0.102907 0.028038
vn -0.746340 0.135606 0.651604
v -0.088252 0.126927 0.046141
vn -0.778112 0.078058 0.623257
v -0.079127 0.106199 0.032051
vn -0.915556 0.033714 0.400776
v -0.088206 0.094486 0.023744
vn -0.929309 0.252433 0.269559
v -0.089110 0.138514 0.037659
vn -0.415318 0.522133 0.744908
v -0.019321 0.092124 0.053821
vn -0.446040 0.017903 -0.894834
v -0.058266 0.090926 -0.020949
vn -0.690746 -0.253140 0.677340
v -0.027046 0.067014 0.039672
vn -0.649965 0.183753 -0.737415
v -0.021416 0.179777 -0.021733
vn -0.047759 0.390580 -0.919329
v -0.007824 0.109241 -0.022186
vn -0.719812 0.252019 0.646805
v -0.023988 0.085996 0.053716
vn -0.524474 0.814578 -0.247770
v -0.060484 0.155680 0.004334
vn -0.488061 -0.071469 0.869879
v -0.086389 0.121685 0.048412
vn -0.906343 -0.394698 -0.150849
v -0.074084 0.149877 -0.032610
vn -0.411235 -0.270395 0.870501
v -0.020581 0.079572 0.056014
vn -0.577256 0.521279 0.628525
v -0.083838 0.139279 0.044894
vn 0.054802 -0.847230 0.528392
v -0.022934 0.035633 0.052865
vn -0.720493 0.094477 0.686996
v -0.086154 0.127356 0.048564
vn -0.448506 0.343040 -0.825328
v -0.065729 0.107098 -0.014318
vn -0.621024 -0.358168 0.697169
v -0.021481 0.074194 0.052858
vn -0.927370 0.333963 0.168680
v -0.076424 0.157363 -0.009035
vn -0.633471 -0.164480 0.756083
v -0.077216 0.085595 0.037421
vn -0.643946 0.117396 0.756010
v -0.084151 0.129550 0.050484
vn -0.757055 -0.379481 0.531848
v -0.081221 0.081003 0.031256
vn -0.710704 0.224859 0.666588
v -0.081704 0.101672 0.030940
vn -0.855767 0.258157 0.448349
v -0.086253 0.101068 0.025414
vn -0.434131 0.563707 0.702684
v -0.080945 0.139036 0.047359
vn -0.679101 0.113232 0.725259
v -0.078908 0.094831 0.035436
vn -0.532959 0.197402 0.822792
v -0.073440 0.095413 0.040211
vn -0.029581 -0.081962 -0.996196
v -0.052676 0.088221 -0.021886
vn -0.632938 -0.481144 0.606539
v -0.076441 0.077511 0.033748
vn -0.010311 0.404673 -0.914403
v -0.021791 0.106580 -0.022327
vn -0.674033 0.650681 0.349704
v -0.088361 0.149967 0.026044
vn -0.822934 -0.272597 0.498468
v -0.024079 0.067907 0.045178
vn -0.691700 -0.334375 0.640113
v -0.020018 0.067569 0.051565
vn -0.182715 -0.107027 0.977323
v -0.083578 0.120526 0.049178
vn -0.517552 -0.339976 -0.785210
v -0.014656 0.174565 -0.025973
vn -0.874739 0.059122 0.480975
v -0.027396 0.084108 0.048746
vn -0.194104 -0.249250 -0.948787
v -0.041934 0.088463 -0.022126
vn -0.200260 0.251964 -0.946789
v -0.031694 0.102613 -0.022352
vn -0.163536 0.322522 -0.932328
v -0.027890 0.104407 -0.022831
vn -0.254982 -0.099634 -0.961799
v -0.073790 0.120167 -0.007885
vn -0.063858 0.357703 -0.931650
v -0.046124 0.105064 -0.020458
vn -0.810742 -0.323489 0.487906
v -0.027413 0.073269 0.042641
vn -0.871849 -0.326566 -0.365012
v -0.045533 0.034736 -0.021363
vn -0.857038 0.352494 -0.375810
v -0.044993 0.039017 -0.021098
vn -0.916653 0.293246 -0.271576
v -0.046463 0.036800 -0.017779
vn -0.738062 -0.524836 -0.424042
v -0.088366 0.113619 0.005823
vn 0.063548 0.969361 -0.237277
v 0.051746 0.072897 0.009065
vn -0.809509 0.314479 -0.495781
v -0.070385 0.037450 -0.000932
vn -0.787917 0.405693 -0.463249
v -0.060923 0.038622 0.022469
vn -0.553532 -0.651570 -0.518709
v -0.077697 0.170279 -0.043118
vn -0.679154 0.514471 -0.523517
v -0.043793 0.169555 -0.007303
vn -0.904084 0.086161 -0.418580
v -0.077587 0.177179 -0.050221
vn -0.590676 0.417920 -0.690249
v -0.040542 0.038886 -0.027365
vn -0.834400 0.255105 -0.488568
v -0.044216 0.036131 -0.024252
vn -0.577496 0.529146 -0.621693
v -0.066635 0.040430 -0.005018
vn -0.734348 0.536757 -0.415481
v -0.069242 0.041474 0.000193
vn -0.696519 -0.631354 -0.340959
v -0.075641 0.159304 -0.026908
vn -0.684284 0.403201 -0.607606
v -0.063087 0.039614 0.025182
vn -0.965177 -0.079503 -0.249224
v -0.072303 0.151867 -0.041544
vn -0.681133 0.489038 -0.544885
v -0.041051 0.041529 -0.024061
vn -0.909500 0.297166 -0.290694
v -0.046991 0.038892 -0.014017
vn -0.874919 0.100549 -0.473715
v -0.089560 0.128517 0.004546
vn -0.835651 0.544304 -0.073625
v -0.076987 0.153694 -0.002297
vn -0.842681 -0.317264 -0.435009
v -0.070122 0.168826 -0.051174
vn -0.857836 0.499591 -0.120530
v -0.064793 0.041725 0.031617
vn 0.090752 0.776276 -0.623827
v -0.042148 0.124096 -0.009560
vn -0.094944 0.769868 -0.631101
v -0.048070 0.124930 -0.008408
vn -0.708631 0.570244 -0.415529
v -0.042150 0.043344 -0.021509
vn -0.577548 0.774378 -0.258413
v -0.067315 0.044034 0.001574
vn -0.978894 0.155685 -0.132395
v -0.073387 0.154634 -0.029944
vn -0.568799 0.805333 0.167049
v -0.055353 0.042936 0.019135
vn -0.666461 0.581876 -0.466101
v -0.060068 0.041419 0.022953
vn -0.906523 0.407553 0.110076
v -0.065488 0.040938 0.035315
vn -0.760316 0.381489 -0.525724
v -0.080066 0.150396 0.000605
vn -0.832464 0.502245 -0.233996
v -0.044031 0.041949 -0.017994
vn -0.814170 0.488672 -0.313571
v -0.045187 0.042453 -0.014194
vn -0.808825 0.269176 -0.522826
v -0.083109 0.102654 -0.003293
vn -0.501067 0.864806 -0.032298
v -0.065473 0.045628 0.004558
vn -0.986753 -0.105257 -0.123447
v -0.075428 0.152012 -0.014394
vn -0.693652 0.611757 -0.380264
v -0.054473 0.045938 0.023613
vn -0.616035 0.711525 -0.337984
v -0.062464 0.043722 0.028493
vn -0.692985 0.719433 -0.046783
v -0.062833 0.045183 0.034623
vn -0.799535 0.514904 0.309221
v -0.063538 0.043524 0.037974
vn -0.527093 0.733976 -0.428312
v -0.060255 0.044750 -0.004132
vn -0.412786 0.842330 -0.346536
v -0.063242 0.045550 0.000484
vn -0.389279 0.854056 0.345036
v -0.062249 0.046540 0.007190
vn -0.873478 0.454450 0.174676
v -0.091004 0.148857 0.021507
vn -0.508473 0.750235 -0.422615
v -0.057094 0.045997 0.026865
vn -0.490438 0.847829 -0.201635
v -0.057276 0.047300 0.029890
vn -0.616830 0.756335 -0.217895
v -0.039520 0.173859 -0.007575
vn -0.997821 0.058521 0.030473
v -0.089641 0.138419 0.034142
vn -0.917339 0.351728 0.186483
v -0.092601 0.130187 0.025184
vn -0.963754 0.209066 0.165739
v -0.092281 0.127621 0.029752
vn -0.186049 0.344513 -0.920161
v -0.033957 0.041025 -0.029660
vn -0.824099 -0.333119 -0.458140
v -0.090200 0.116575 0.005675
vn -0.680826 0.713801 -0.164207
v -0.058516 0.047731 0.000212
vn -0.388555 -0.894742 -0.220140
v -0.071724 0.146174 -0.021568
vn -0.705725 0.662049 0.252276
v -0.052390 0.045449 0.017686
vn -0.418096 0.907046 -0.049624
v -0.059414 0.047278 0.034172
vn -0.685326 0.728214 0.005685
v -0.057521 0.158776 0.004162
vn -0.763018 0.296250 -0.574491
v -0.080959 0.109267 -0.002019
vn -0.822513 0.514429 -0.242560
v -0.051904 0.046100 0.019421
vn -0.851051 0.339726 -0.400373
v -0.051830 0.048569 0.021647
vn -0.969719 -0.244218 -0.001707
v -0.077650 0.156580 -0.016599
vn -0.306933 0.912364 -0.270896
v -0.037416 0.047682 -0.017147
vn -0.474168 0.839142 -0.266468
v -0.078876 0.153470 0.003988
vn -0.958296 0.282629 0.042303
v -0.057635 0.050426 0.004611
vn -0.830479 0.556949 0.010665
v -0.052625 0.050435 0.029047
vn -0.387516 0.912300 0.132440
v -0.052999 0.049169 0.033968
vn -0.608274 -0.603659 -0.515363
v -0.073503 0.168719 -0.044792
vn -0.607349 0.298686 -0.736148
v -0.054421 0.047837 -0.005919
vn -0.961833 0.196884 -0.190036
v -0.052313 0.051085 0.024486
vn -0.995583 -0.093101 -0.012091
v -0.079130 0.167366 -0.035506
vn 0.165180 0.799284 -0.577807
v 0.009412 0.123503 -0.009829
vn 0.028800 0.408297 -0.912395
v -0.032716 0.108966 -0.018941
vn -0.612051 0.757371 -0.227558
v -0.031133 0.049607 -0.019407
vn 0.529574 0.427427 -0.732706
v 0.045997 0.069814 0.003014
vn 0.730731 0.513354 -0.450000
v 0.033525 0.109662 -0.006989
vn -0.791495 -0.003880 -0.611164
v -0.055047 0.052768 -0.003946
vn -0.846609 0.364715 -0.387603
v -0.056898 0.049656 -0.001532
vn -0.938663 0.300603 0.168967
v -0.050290 0.049099 0.017165
vn -0.957461 0.120464 -0.262216
v -0.050595 0.049923 0.019174
vn -0.978502 0.087601 0.186708
v -0.051887 0.053325 0.028706
vn -0.910935 -0.076050 -0.405479
v -0.067684 0.165336 -0.055466
vn -0.953385 0.147253 -0.263389
v -0.030271 0.052106 -0.017676
vn -0.180712 0.637183 -0.749227
v -0.009109 0.111417 -0.020543
vn -0.996889 0.075636 -0.022155
v -0.057069 0.054424 0.002340
vn -0.630981 0.694121 -0.346495
v -0.032748 0.177599 -0.011627
vn -0.824675 0.280745 -0.491012
v -0.029010 0.051265 -0.022176
vn -0.860758 0.360871 -0.358981
v -0.031383 0.051791 -0.013887
vn -0.883524 -0.199503 -0.423774
v -0.055674 0.056984 -0.003351
vn -0.963959 -0.205084 -0.169483
v -0.050916 0.053814 0.019753
vn -0.596590 0.791107 0.135019
v -0.088875 0.151694 0.020087
vn -0.528917 -0.601161 -0.599043
v -0.077153 0.173787 -0.047868
vn -0.926272 -0.350202 -0.139205
v -0.078578 0.164206 -0.031826
vn -0.847353 -0.144141 -0.511094
v -0.027546 0.054022 -0.025147
vn -0.787383 -0.452239 0.418937
v -0.054464 0.055357 0.010327
vn -0.796393 0.204738 -0.569070
v -0.087041 0.130589 0.000912
vn -0.875400 0.224008 -0.428364
v -0.090009 0.132781 0.005922
vn -0.920715 0.382141 -0.079070
v -0.092233 0.131954 0.015431
vn -0.697516 0.388187 -0.602315
v -0.048640 0.164725 -0.005059
vn -0.691671 -0.328164 -0.643351
v -0.054066 0.059959 -0.007599
vn -0.433801 -0.898225 0.070764
v -0.057434 0.057684 0.008726
vn -0.858518 0.364524 -0.360650
v -0.086795 0.138507 0.004558
vn -0.932921 0.359847 0.012942
v -0.092990 0.130923 0.019919
vn -0.880366 0.441972 0.172096
v -0.091282 0.133119 0.024689
vn 0.467774 0.649682 -0.599250
v 0.021815 0.117705 -0.010015
vn -0.919284 -0.159647 -0.359764
v -0.029647 0.058104 -0.021311
vn -0.946950 -0.134513 -0.291877
v -0.031290 0.055209 -0.014388
vn -0.446912 -0.863117 -0.235159
v -0.059002 0.059235 0.002614
vn -0.950957 0.252001 -0.179378
v -0.090242 0.135760 0.014149
vn 0.395681 -0.081464 -0.914768
v -0.061569 0.170849 -0.061679
vn -0.701030 -0.137621 -0.699727
v -0.066070 0.165578 -0.058644
vn -0.602963 0.299137 -0.739563
v -0.024540 0.180059 -0.018727
vn -0.606444 0.217009 -0.764939
v -0.016132 0.182988 -0.026037
vn -0.949431 -0.141386 -0.280340
v -0.030809 0.056998 -0.017835
vn 0.295549 0.738166 -0.606434
v 0.010464 0.096180 -0.025899
vn -0.590126 -0.732725 -0.338918
v -0.057492 0.059530 -0.001079
vn -0.986384 0.129877 0.100885
v -0.089146 0.136505 0.025953
vn 0.182412 0.239684 -0.953560
v 0.004371 0.103919 -0.021515
vn -0.927031 0.363855 0.090680
v -0.090377 0.132525 0.031083
vn -0.984670 -0.070805 0.159411
v -0.090795 0.138552 0.020563
vn -0.981979 0.152029 0.112273
v -0.094238 0.126154 0.022201
vn -0.963703 0.245573 0.104742
v -0.090337 0.131198 0.038139
vn 0.003267 0.658227 -0.752812
v -0.045083 0.122184 -0.011569
vn 0.103587 0.567905 -0.816550
v 0.011348 0.098244 -0.023024
vn -0.088070 0.248543 -0.964609
v -0.039228 0.099185 -0.021913
vn 0.114523 -0.723214 -0.681062
v -0.065510 0.158573 -0.055600
vn -0.914098 0.333420 0.230773
v -0.077410 0.162605 -0.020755
vn -0.690329 0.701135 -0.178478
v -0.048580 0.166892 -0.002526
vn -0.989107 -0.139063 -0.048264
v -0.076923 0.153514 -0.009079
vn -0.476369 -0.552511 -0.683962
v -0.067751 0.157348 -0.053982
vn 0.283776 0.498606 -0.819062
v 0.052906 0.065230 -0.000511
vn -0.890786 -0.234511 -0.389236
v -0.029055 0.061084 -0.024918
vn -0.907084 -0.280327 -0.314032
v -0.031067 0.065059 -0.022751
vn 0.374422 0.480197 -0.793233
v 0.024250 0.102662 -0.018314
vn -0.751879 0.619883 -0.224552
v -0.055474 0.160502 0.001376
vn -0.526834 -0.361508 -0.769258
v -0.066643 0.160409 -0.056843
vn -0.950747 -0.291387 -0.105703
v -0.078200 0.160732 -0.024000
vn -0.108102 0.779073 -0.617543
v -0.018321 0.119686 -0.011111
vn 0.359800 0.422332 -0.831973
v 0.021713 0.109563 -0.015081
vn -0.884487 -0.094218 -0.456953
v -0.068383 0.159802 -0.054209
vn -0.647690 -0.303803 -0.698714
v -0.025446 0.060209 -0.030865
vn -0.719569 -0.324462 -0.613958
v -0.026540 0.065084 -0.031665
vn -0.849669 -0.277328 -0.448499
v -0.028426 0.062200 -0.027939
vn -0.875329 -0.297431 -0.381227
v -0.032606 0.061265 -0.015453
vn -0.363639 -0.011076 -0.931474
v -0.070872 0.116116 -0.007956
vn -0.963257 0.021761 -0.267698
v -0.069781 0.159386 -0.049418
vn -0.848744 -0.307418 -0.430265
v -0.030325 0.067695 -0.027655
vn -0.832232 -0.321606 -0.451619
v -0.032977 0.066365 -0.018386
vn 0.006981 0.504583 -0.863335
v 0.013533 0.102554 -0.021579
vn 0.774837 0.138433 -0.616818
v 0.044409 0.069759 0.000948
vn 0.040299 0.546040 -0.836789
v -0.002200 0.112159 -0.019659
vn -0.581450 -0.701831 -0.411520
v -0.072029 0.067047 -0.000723
vn -0.885824 0.423174 0.190366
v -0.078700 0.173139 -0.042720
vn -0.689388 0.463597 -0.556617
v -0.083212 0.150721 0.004213
vn -0.789215 0.291199 -0.540687
v -0.087439 0.133749 0.002397
vn 0.551119 0.097596 -0.828699
v 0.026348 0.084562 -0.023152
vn -0.630572 -0.697845 -0.339693
v -0.074901 0.070419 -0.002285
vn -0.126042 0.021369 -0.991795
v -0.054576 0.091563 -0.022099
vn -0.970399 0.185516 -0.154626
v -0.073243 0.152313 -0.035704
vn -0.463730 -0.645470 -0.606896
v -0.074551 0.172187 -0.047551
vn -0.783821 -0.362796 -0.503989
v -0.028681 0.068283 -0.030610
vn 0.189500 0.573146 -0.797241
v 0.017373 0.102460 -0.021488
vn -0.767439 -0.631940 -0.108119
v -0.081257 0.073025 0.007102
vn -0.898615 -0.353070 -0.260448
v -0.074982 0.154078 -0.018974
vn -0.927978 0.314158 -0.200403
v -0.091556 0.131963 0.010638
vn 0.188103 0.672190 -0.716085
v -0.000824 0.095165 -0.032056
vn -0.659447 -0.591622 -0.463802
v -0.077619 0.073999 -0.005326
vn -0.709585 -0.661499 -0.242711
v -0.079859 0.072755 0.003042
vn -0.836881 -0.546502 0.031065
v -0.081627 0.073471 0.011162
vn -0.761666 -0.627641 -0.161032
v -0.073679 0.147860 -0.020236
vn -0.973704 0.200729 -0.107743
v -0.091310 0.148486 0.016270
vn -0.953718 -0.009295 -0.300557
v -0.090850 0.146256 0.014809
vn -0.749098 -0.257948 -0.610176
v -0.068544 0.175130 -0.057188
vn -0.165453 0.541965 -0.823954
v -0.027254 0.107475 -0.021280
vn 0.452484 0.780167 -0.431969
v 0.021444 0.122738 -0.002932
vn -0.685964 -0.669123 -0.285881
v -0.079061 0.073724 -0.000845
vn -0.814525 -0.493434 -0.305077
v -0.082064 0.075994 0.001762
vn -0.838237 -0.545306 -0.000724
v -0.083737 0.076772 0.008959
vn -0.876142 0.285654 -0.388300
v -0.090206 0.149478 0.013035
vn -0.081261 0.630044 -0.772296
v 0.000848 0.116700 -0.017337
vn -0.978811 -0.011688 -0.204430
v -0.074578 0.151640 -0.028648
vn -0.746439 -0.303405 -0.592263
v -0.029087 0.072925 -0.033354
vn -0.867553 -0.294381 -0.400863
v -0.031184 0.073990 -0.030340
vn -0.909799 -0.276919 -0.309164
v -0.032607 0.071956 -0.024867
vn -0.822235 -0.421668 -0.382263
v -0.080576 0.076608 -0.002988
vn -0.856912 -0.133103 -0.497982
v -0.089491 0.143926 0.012488
vn -0.790143 -0.027278 -0.612316
v -0.077388 0.146564 -0.004354
vn -0.966281 -0.160654 -0.201224
v -0.072896 0.158350 -0.034109
vn 0.151668 0.505263 -0.849533
v 0.007135 0.114682 -0.018346
vn -0.929070 -0.232509 -0.287697
v -0.034503 0.076130 -0.022373
vn -0.870497 -0.376410 -0.317098
v -0.083891 0.080790 0.002295
vn -0.863215 -0.459986 -0.208022
v -0.083740 0.077240 0.004667
vn -0.921716 -0.380426 -0.075598
v -0.086205 0.080931 0.010535
vn -0.907939 -0.416563 0.046076
v -0.086062 0.079931 0.014441
vn -0.758810 -0.575769 0.304462
v -0.081543 0.077951 0.026727
vn 0.447704 0.534575 -0.716792
v 0.026666 0.112686 -0.010510
vn -0.708156 -0.609680 -0.356097
v -0.076041 0.156631 -0.021420
vn -0.702543 0.699140 -0.132801
v -0.090012 0.150833 0.015753
vn -0.935452 -0.194997 -0.294799
v -0.071157 0.163351 -0.045361
vn -0.928995 -0.118585 -0.350579
v -0.033211 0.076873 -0.027708
vn -0.615086 -0.368416 -0.697093
v -0.073263 0.079984 -0.013750
vn -0.768907 -0.332223 -0.546269
v -0.079286 0.080049 -0.007013
vn -0.945432 -0.271666 0.179875
v -0.086035 0.082646 0.019543
vn -0.870232 -0.425388 0.248476
v -0.084335 0.080730 0.022180
vn -0.982160 0.061961 -0.177546
v -0.071351 0.157271 -0.042183
vn -0.857482 -0.428645 -0.284583
v -0.073548 0.161208 -0.035288
vn 0.322467 0.319214 -0.891132
v 0.016733 0.109912 -0.017020
vn -0.825629 -0.143758 -0.545592
v -0.030979 0.077021 -0.032816
vn 0.204872 0.227798 -0.951912
v -0.062359 0.175448 -0.061486
vn -0.056658 0.627070 -0.776900
v -0.017588 0.114913 -0.017205
vn -0.829298 -0.407965 -0.381876
v -0.082354 0.080876 -0.002404
vn -0.572268 0.097892 -0.814203
v -0.078579 0.140501 -0.004603
vn -0.697490 -0.038358 -0.715567
v -0.028931 0.079248 -0.035050
vn -0.852938 0.112502 -0.509745
v -0.031226 0.080413 -0.032182
vn -0.926668 0.005633 -0.375840
v -0.033259 0.079622 -0.027146
vn 0.041416 0.494399 -0.868248
v -0.044697 0.117915 -0.014726
vn -0.825322 -0.185501 -0.533322
v -0.079724 0.084227 -0.008761
vn -0.860476 -0.374592 -0.345343
v -0.085042 0.083818 -0.000078
vn -0.948063 -0.315966 0.036637
v -0.086776 0.084345 0.012419
vn -0.992528 -0.109012 0.054818
v -0.086675 0.082665 0.015174
vn -0.882376 -0.325209 0.340077
v -0.085106 0.085177 0.025679
vn -0.714973 -0.268901 -0.645372
v -0.076976 0.082936 -0.011451
vn -0.796387 -0.282575 -0.534714
v -0.082776 0.083431 -0.004369
vn -0.914631 -0.366913 -0.169781
v -0.086180 0.082572 0.006364
vn -0.921643 -0.129576 -0.365764
v -0.091161 0.141444 0.015674
vn -0.718286 -0.457618 -0.524072
v -0.074639 0.143985 -0.007150
vn -0.645496 0.277282 -0.711652
v -0.083448 0.133933 -0.001687
vn -0.957771 0.282719 -0.052398
v -0.075805 0.151345 -0.019881
vn -0.957234 0.280097 -0.072452
v -0.074924 0.152730 -0.019397
vn -0.200062 0.663362 -0.721059
v -0.052314 0.121596 -0.010798
vn -0.854613 0.311789 -0.415240
v -0.030734 0.085428 -0.030507
vn -0.888195 0.188221 -0.419145
v -0.032591 0.081943 -0.029100
vn -0.924997 -0.056959 -0.375682
v -0.086455 0.086940 0.000917
vn -0.092184 0.380029 -0.920369
v -0.012502 0.106344 -0.022360
vn -0.830928 -0.021351 -0.555970
v -0.088586 0.146059 0.009878
vn -0.788165 0.068679 -0.611620
v -0.085610 0.147125 0.006598
vn -0.702032 0.538338 -0.466200
v -0.087511 0.150615 0.010152
vn -0.337256 -0.650645 0.680382
v -0.060114 0.035550 0.044908
vn -0.918773 -0.391250 -0.052728
v -0.088284 0.086869 0.008103
vn -0.911529 -0.405962 0.065649
v -0.088813 0.087765 0.014227
vn -0.840277 -0.534238 0.092324
v -0.088001 0.086626 0.015467
vn -0.889813 -0.404587 0.211050
v -0.086991 0.086445 0.022421
vn -0.764299 -0.634823 -0.113346
v -0.074610 0.147278 -0.014172
vn -0.779760 -0.039564 -0.624827
v -0.034708 0.084036 -0.024302
vn -0.896397 -0.048479 -0.440594
v -0.084965 0.089963 -0.003007
vn -0.956031 -0.153341 -0.249982
v -0.088091 0.087742 0.004849
vn -0.991514 0.059533 0.115566
v -0.091490 0.145432 0.022277
vn -0.994954 -0.057368 -0.082315
v -0.094380 0.121839 0.017904
vn -0.778523 0.303826 -0.549173
v -0.029165 0.085393 -0.033667
vn -0.786698 0.449321 -0.423340
v -0.030558 0.088626 -0.027551
vn -0.749337 -0.091828 -0.655791
v -0.077771 0.087845 -0.011695
vn -0.788064 -0.157202 -0.595183
v -0.080728 0.088204 -0.007800
vn -0.769194 -0.118411 -0.627949
v -0.083273 0.089477 -0.005650
vn -0.986386 -0.146969 -0.073771
v -0.089399 0.089539 0.011646
vn -0.898112 -0.031265 -0.438655
v -0.089698 0.139713 0.013775
vn -0.978888 0.084860 -0.185950
v -0.077135 0.151512 -0.005582
vn -0.727829 0.450181 -0.517303
v -0.051121 0.163741 -0.002664
vn -0.761746 0.195214 -0.617766
v -0.086443 0.127674 -0.001486
vn -0.731483 -0.443048 -0.518305
v -0.069606 0.154908 -0.050189
vn -0.947253 0.014171 -0.320172
v -0.087265 0.092110 0.004206
vn -0.984843 0.023868 -0.171798
v -0.089086 0.092377 0.010570
vn -0.996112 -0.066166 0.058162
v -0.089612 0.091600 0.017812
vn -0.777062 0.251924 -0.576809
v -0.082732 0.141969 0.001253
vn -0.568339 -0.766089 -0.300164
v -0.072618 0.143681 -0.010987
vn -0.617828 -0.669866 -0.411786
v -0.077677 0.166110 -0.036777
vn -0.062212 0.714068 -0.697307
v -0.015078 0.093863 -0.034317
vn -0.962503 0.012077 -0.271002
v -0.071057 0.154769 -0.045779
vn -0.928533 0.078368 -0.362885
v -0.092332 0.125239 0.009159
vn -0.609203 0.046543 -0.791647
v -0.076047 0.091037 -0.013643
vn -0.791874 0.079131 -0.605535
v -0.082943 0.093292 -0.006186
vn 0.026515 0.699460 -0.714179
v -0.010411 0.094592 -0.033785
vn -0.018373 0.597997 -0.801288
v -0.029331 0.114762 -0.015845
vn 0.067193 0.601942 -0.795708
v -0.037218 0.115942 -0.015173
vn -0.037774 0.268780 -0.962461
v -0.012430 0.102860 -0.023822
vn 0.298744 0.141688 -0.943757
v 0.006651 0.088145 -0.032946
vn 0.127790 0.482114 -0.866739
v -0.006412 0.092876 -0.034818
vn 0.353994 0.674467 -0.647906
v 0.015800 0.119966 -0.011416
vn 0.507599 0.345881 -0.789119
v 0.029103 0.102475 -0.015768
vn 0.671282 0.059550 -0.738806
v 0.042081 0.063481 -0.002541
vn 0.572321 0.286592 -0.768319
v 0.028723 0.097943 -0.017497
vn 0.038715 0.277205 -0.960030
v -0.019988 0.102783 -0.023393
vn 0.543531 -0.036008 -0.838616
v 0.033748 0.083644 -0.018630
vn -0.394442 0.888211 -0.235579
v -0.018686 0.186896 -0.020249
vn 0.113226 0.614559 -0.780703
v 0.006415 0.117902 -0.016283
vn 0.550975 0.451784 -0.701654
v 0.056305 0.067770 0.002653
vn 0.057904 0.717965 -0.693667
v -0.005361 0.112894 -0.019613
vn 0.128651 0.540110 -0.831703
v 0.045769 0.064629 -0.001217
vn -0.102833 0.906219 -0.410113
v -0.010091 0.098230 -0.027731
vn -0.314037 0.563535 -0.764074
v -0.060459 0.117556 -0.011355
vn 0.291135 0.576530 -0.763449
v 0.012934 0.118873 -0.013979
vn 0.286041 0.523463 -0.802600
v 0.015236 0.094978 -0.024437
vn -0.283023 0.759772 -0.585358
v -0.030893 0.047409 -0.024954
vn -0.545118 0.615258 -0.569477
v -0.017766 0.185723 -0.023049
vn -0.145910 0.558065 -0.816868
v -0.013035 0.110029 -0.020161
vn -0.850114 0.428871 -0.305576
v -0.071207 0.038609 0.000772
vn 0.271316 0.435956 -0.858097
v 0.017905 0.106277 -0.017729
vn 0.107226 0.722582 -0.682918
v -0.033623 0.118404 -0.011927
vn -0.131943 0.524993 -0.840817
v -0.049907 0.117883 -0.014402
vn -0.036881 0.624428 -0.780211
v -0.006688 0.117472 -0.015359
vn 0.087667 0.924158 -0.371816
v -0.015451 0.185976 -0.024796
vn 0.045137 0.121646 -0.991547
v -0.030604 0.038038 -0.030124
vn 0.079945 0.708061 -0.701611
v -0.013220 0.183972 -0.027519
vn 0.051972 0.434894 -0.898980
v -0.047859 0.111627 -0.017482
vn 0.058685 0.472654 -0.879292
v -0.013099 0.090776 -0.036659
vn 0.014762 0.927455 -0.373642
v -0.063117 0.154254 0.002973
vn -0.188338 0.362343 -0.912818
v -0.055140 0.110516 -0.017673
vn 0.765820 0.577942 -0.281962
v -0.011097 0.182023 -0.028042
vn 0.210695 -0.602339 -0.769932
v -0.026569 0.034696 -0.029114
vn 0.101555 0.216111 -0.971073
v -0.006640 0.102222 -0.023519
vn -0.695431 0.462302 -0.550138
v -0.056996 0.157417 0.000602
vn 0.375640 0.378139 -0.846112
v 0.019077 0.091871 -0.024890
vn 0.315030 0.793531 -0.520639
v 0.013473 0.124299 -0.006836
vn -0.056958 0.259618 -0.964030
v -0.021730 0.098411 -0.024307
vn -0.113327 0.651993 -0.749708
v -0.017142 0.098057 -0.024924
vn -0.394447 0.264658 -0.879982
v -0.058698 0.151373 -0.000658
vn 0.004476 0.855784 -0.517314
v 0.003564 0.127649 -0.004467
vn 0.008005 0.604647 -0.796453
v -0.008537 0.099921 -0.024351
vn -0.208272 0.238237 -0.948613
v -0.012172 0.181251 -0.029061
vn -0.241657 0.607023 -0.757050
v -0.061114 0.153052 0.001000
vn -0.050042 0.738066 -0.672871
v -0.029571 0.117139 -0.013676
vn 0.559373 0.571712 -0.600206
v 0.030530 0.112212 -0.008186
vn 0.113866 -0.115951 -0.986706
v -0.031714 0.035112 -0.030659
vn -0.571137 -0.099340 -0.814821
v -0.013691 0.179147 -0.028126
vn 0.259752 0.475923 -0.840253
v 0.011621 0.115490 -0.016386
vn 0.469816 0.636040 -0.612148
v -0.061994 0.150281 -0.001630
vn 0.767830 0.269192 -0.581354
v 0.036684 0.100996 -0.009849
vn 0.350938 0.812880 -0.464832
v 0.048513 0.071798 0.006001
vn -0.130372 0.720006 -0.681612
v -0.000466 0.119837 -0.013611
vn 0.491258 0.438095 -0.752820
v 0.016747 0.090114 -0.027127
vn 0.188756 0.809513 -0.555931
v 0.006983 0.097730 -0.024800
vn -0.501904 0.511402 -0.697539
v -0.043227 0.046264 -0.011772
vn -0.068004 0.740204 -0.668935
v -0.008356 0.113736 -0.018240
vn -0.016317 0.592093 -0.805704
v -0.012354 0.115568 -0.016487
vn 0.928609 0.356852 -0.101697
v 0.046834 0.074354 0.010139
vn 0.372229 0.518851 -0.769571
v 0.025319 0.109317 -0.013580
vn 0.007347 0.460173 -0.887799
v -0.042459 0.113925 -0.016188
vn 0.802942 0.138063 -0.579848
v 0.057745 0.064158 0.002628
vn -0.343478 0.201528 -0.917284
v -0.059711 0.036536 -0.009495
vn 0.175063 0.422128 -0.889472
v -0.003208 0.109621 -0.021524
vn 0.680141 -0.060248 -0.730601
v 0.027021 0.061346 -0.022292
vn 0.051046 0.402273 -0.914096
v 0.007103 0.101912 -0.021231
vn 0.293208 0.794681 -0.531517
v -0.038226 0.124655 -0.007326
vn 0.527608 0.610738 -0.590448
v 0.025942 0.115764 -0.008219
vn -0.220737 -0.845701 -0.485864
v -0.061298 0.033900 -0.009322
vn 0.274731 0.316043 -0.908097
v -0.059467 0.147440 -0.001889
vn -0.048443 0.384196 -0.921980
v 0.010507 0.100877 -0.022110
vn 0.601364 0.344604 -0.720839
v 0.033081 0.102734 -0.012787
vn 0.142886 0.412974 -0.899464
v 0.012518 0.104754 -0.019916
vn 0.408345 0.305629 -0.860143
v 0.023088 0.093999 -0.022211
vn 0.539311 0.343591 -0.768823
v 0.031555 0.092485 -0.018204
vn 0.125359 0.536185 -0.834740
v 0.006272 0.099910 -0.022297
vn -0.566011 0.772000 -0.289219
v -0.040917 0.046122 -0.017943
vn 0.690097 0.183546 -0.700055
v 0.035407 0.098189 -0.012009
vn 0.169376 0.714278 -0.679057
v 0.009414 0.121219 -0.012938
vn 0.198136 0.892895 -0.404328
v 0.053735 0.072027 0.006801
vn 0.525117 0.706665 -0.474211
v 0.025620 0.118807 -0.005033
vn -0.524360 0.538719 -0.659415
v -0.038150 0.042467 -0.026894
vn -0.081126 0.540570 -0.837378
v -0.028212 0.111169 -0.018002
vn 0.601153 0.311586 -0.735886
v -0.060254 0.143391 -0.003791
vn 0.185935 0.675736 -0.713309
v 0.019017 0.104015 -0.019333
vn 0.320334 0.385553 -0.865295
v 0.007545 0.091682 -0.031643
vn -0.071667 0.711415 -0.699108
v -0.007076 0.122401 -0.011364
vn -0.249459 0.895359 -0.368920
v -0.019048 0.096562 -0.027580
vn 0.011083 0.389277 -0.921054
v -0.016953 0.106693 -0.022003
vn 0.138165 0.360927 -0.922303
v -0.000673 0.101199 -0.022858
vn -0.212630 0.803826 -0.555565
v -0.009018 0.125280 -0.007791
vn -0.521519 0.248627 -0.816213
v -0.068136 0.180061 -0.058816
vn -0.099323 0.677563 -0.728727
v -0.023600 0.115138 -0.015577
vn -0.411347 0.618083 -0.669900
v -0.059831 0.042842 -0.006647
vn 0.593458 0.046484 -0.803521
v 0.053124 0.059012 -0.002885
vn -0.309481 0.202438 -0.929107
v -0.036932 0.037107 -0.029714
vn 0.483408 0.296356 -0.823705
v -0.056215 0.141392 -0.002803
vn 0.799739 0.419439 -0.429520
v 0.036696 0.103728 -0.007962
vn 0.312365 0.654621 -0.688403
v -0.035885 0.120400 -0.010640
vn 0.151424 0.227780 -0.961866
v -0.009357 0.085424 -0.038113
vn -0.111684 0.396715 -0.911123
v -0.060127 0.120414 -0.009379
vn 0.219443 0.629054 -0.745745
v -0.039843 0.121561 -0.011570
vn 0.464069 0.492615 -0.736186
v 0.028322 0.108480 -0.012623
vn -0.144517 0.621261 -0.770162
v -0.001873 0.115939 -0.017169
vn 0.738190 0.294830 -0.606755
v 0.038648 0.090153 -0.012550
vn 0.256291 0.421484 -0.869866
v -0.001736 0.092244 -0.034310
vn 0.194404 0.433574 -0.879898
v 0.050001 0.061612 -0.003465
vn 0.635048 0.197460 -0.746809
v 0.055859 0.062910 0.000690
vn 0.436657 0.515136 -0.737541
v 0.020462 0.115154 -0.013104
vn -0.118845 0.721646 -0.681985
v -0.015166 0.117981 -0.014466
vn -0.472787 -0.672547 0.569345
v -0.070860 0.071510 0.033895
vn 0.467270 0.245744 -0.849275
v 0.022674 0.086606 -0.024925
vn 0.634513 0.162348 -0.755670
v 0.035359 0.087439 -0.017109
vn 0.408740 0.752891 -0.515837
v 0.018401 0.121455 -0.007680
vn 0.123670 0.142030 -0.982106
v -0.025426 0.041421 -0.029205
vn -0.010103 0.846692 -0.531988
v -0.008209 0.096777 -0.030810
vn -0.259228 -0.443561 -0.857936
v -0.056811 0.033874 -0.011166
vn -0.320164 0.661109 -0.678550
v -0.034589 0.044745 -0.027123
vn 0.148835 0.562742 -0.813123
v -0.040252 0.118275 -0.013674
vn 0.345801 0.446231 -0.825409
v 0.016387 0.114023 -0.015497
vn 0.055532 0.403389 -0.913342
v 0.042635 0.060797 -0.003458
vn -0.319236 0.270837 -0.908150
v -0.050687 0.035936 -0.012381
vn 0.310883 0.696109 -0.647136
v 0.007345 0.094510 -0.029683
vn -0.210533 0.697538 -0.684921
v -0.019707 0.092917 -0.034637
vn -0.243273 0.757861 -0.605363
v -0.012083 0.122192 -0.009712
vn 0.024487 0.692059 -0.721425
v 0.048806 0.068458 0.001695
vn 0.071986 0.887336 -0.455470
v -0.003087 0.098403 -0.027403
vn 0.667232 0.284967 -0.688183
v -0.053199 0.136729 -0.001658
vn 0.763744 0.512750 -0.392152
v -0.047290 0.130554 0.001691
vn -0.045859 0.727088 -0.685011
v 0.004465 0.120440 -0.013931
vn -0.002392 0.716840 -0.697234
v -0.002385 0.122905 -0.010382
vn -0.247813 0.651491 -0.717041
v -0.024833 0.095858 -0.025162
vn -0.646807 0.224808 -0.728767
v -0.042297 0.036292 -0.027254
vn 0.588474 0.299348 -0.751059
v -0.054388 0.134049 -0.003992
vn 0.690627 0.374235 -0.618856
v -0.050539 0.133367 -0.001087
vn 0.195652 0.842920 -0.501204
v 0.002604 0.096943 -0.028407
vn -0.179005 0.930988 -0.318148
v -0.007816 0.128212 -0.001943
vn 0.071207 0.946439 -0.314932
v 0.006511 0.130025 0.000929
vn 0.631379 0.427288 -0.647137
v 0.034743 0.092274 -0.015655
vn -0.073792 0.922509 -0.378856
v -0.067788 0.180889 -0.058191
vn 0.029131 0.526955 -0.849394
v -0.033715 0.111516 -0.018078
vn -0.016812 0.784375 -0.620060
v 0.004463 0.124273 -0.009429
vn -0.390872 0.768083 -0.507216
v -0.023370 0.093393 -0.032032
vn 0.526416 0.588662 -0.613485
v -0.048982 0.129806 -0.001323
vn -0.001455 0.913212 -0.407482
v -0.000782 0.128229 -0.003249
vn 0.292128 0.257267 -0.921127
v 0.002496 0.089858 -0.033628
vn 0.209638 0.288743 -0.934173
v 0.007455 0.111968 -0.019554
vn 0.508239 0.271395 -0.817336
v 0.028791 0.091157 -0.020370
vn -0.113527 0.668561 -0.734941
v -0.053590 0.124375 -0.007347
vn -0.092763 0.626871 -0.773581
v -0.047744 0.120644 -0.012813
vn -0.018646 0.805383 -0.592461
v -0.019616 0.121092 -0.009549
vn 0.155565 0.786123 -0.598173
v -0.065047 0.179991 -0.059759
vn -0.237822 0.255345 -0.937145
v -0.051704 0.037620 -0.011763
vn 0.479179 0.347031 -0.806199
v -0.052124 0.129298 -0.004119
vn 0.446717 0.852902 -0.270189
v -0.045334 0.128915 0.001582
vn -0.084254 0.938765 -0.334099
v -0.003047 0.129195 -0.001069
vn 0.133101 0.858860 -0.494615
v 0.007213 0.127220 -0.005207
vn 0.277629 0.850349 -0.447023
v 0.011669 0.127202 -0.003185
vn 0.149959 0.735166 -0.661092
v 0.053056 0.069709 0.003129
vn 0.607542 0.581559 -0.541001
v -0.063021 0.178110 -0.060394
vn 0.620213 -0.030307 -0.783848
v 0.028205 0.064391 -0.020698
vn 0.670582 0.437278 -0.599256
v 0.034400 0.105030 -0.010225
vn 0.567527 0.486732 -0.664082
v 0.030975 0.107902 -0.011058
vn -0.038581 0.439597 -0.897366
v -0.048984 0.114805 -0.015967
vn 0.261608 0.823032 -0.504162
v -0.032822 0.123005 -0.005909
vn 0.137384 0.648879 -0.748386
v -0.050793 0.127165 -0.004818
vn 0.337387 0.884525 -0.322157
v -0.035302 0.125478 -0.003154
vn 0.483103 0.702336 -0.522814
v 0.056455 0.069951 0.004919
vn -0.154827 0.871860 -0.464638
v -0.016240 0.125122 -0.003650
vn 0.008956 0.515796 -0.856664
v -0.016970 0.111198 -0.019586
vn -0.277286 0.313321 -0.908263
v -0.054088 0.039781 -0.010545
vn -0.418929 0.854660 -0.306684
v -0.034190 0.047514 -0.022302
vn 0.440805 0.612161 -0.656467
v 0.013699 0.093914 -0.026428
vn 0.132601 0.815091 -0.563953
v 0.000880 0.099235 -0.024356
vn 0.096732 0.881841 -0.461519
v -0.046459 0.127240 -0.004884
vn 0.190421 0.933242 -0.304631
v -0.041736 0.126876 -0.004174
vn -0.110333 0.877748 -0.466245
v -0.021000 0.123136 -0.006119
vn -0.266711 0.841491 -0.469848
v -0.012130 0.125726 -0.005201
vn -0.025996 0.842474 -0.538110
v -0.004382 0.126408 -0.006950
vn 0.124802 -0.721025 -0.681578
v 0.001409 0.034782 -0.023265
vn 0.197365 -0.497368 -0.844791
v -0.014846 0.035071 -0.026072
vn 0.208242 -0.567040 -0.796933
v -0.021399 0.034795 -0.027959
vn 0.338811 -0.631083 -0.697812
v 0.012009 0.035962 -0.021736
vn 0.171130 -0.431220 -0.885869
v 0.003825 0.036129 -0.023878
vn -0.083049 0.021702 -0.996309
v -0.051140 0.096618 -0.022095
vn -0.243117 0.154340 -0.957639
v -0.054813 0.098102 -0.021425
vn -0.366134 -0.185722 -0.911841
v -0.027597 0.169798 -0.018170
vn 0.273440 -0.306551 -0.911733
v 0.013360 0.039377 -0.022496
vn 0.159221 -0.065362 -0.985077
v 0.004392 0.038674 -0.024170
vn -0.013910 -0.465208 -0.885092
v -0.006848 0.036445 -0.025177
vn 0.158128 -0.182625 -0.970383
v -0.013280 0.037700 -0.026392
vn -0.773374 0.391020 -0.498995
v -0.047673 0.036117 -0.013301
vn -0.038118 0.406993 -0.912636
v -0.045590 0.108538 -0.018797
vn -0.015424 0.369315 -0.929176
v -0.050096 0.109909 -0.018505
vn -0.476912 0.137372 -0.868150
v -0.065767 0.036470 -0.007207
vn -0.204534 -0.413245 -0.887352
v -0.023456 0.168247 -0.018823
vn 0.126940 -0.139988 -0.981982
v -0.004592 0.038405 -0.025413
vn 0.210064 -0.053613 -0.976217
v -0.024954 0.037441 -0.029153
vn 0.214222 -0.808412 -0.548251
v 0.029008 0.037358 -0.000275
vn 0.152636 -0.073890 -0.985516
v -0.007947 0.041490 -0.025911
vn 0.210281 -0.102075 -0.972298
v -0.016804 0.039754 -0.027565
vn 0.247736 -0.174239 -0.953031
v -0.065156 0.140345 -0.007685
vn -0.584664 0.366090 -0.723980
v -0.047080 0.040701 -0.011870
vn -0.730924 0.294794 -0.615505
v -0.068471 0.037478 -0.004956
vn 0.344551 -0.773606 -0.531806
v 0.037327 0.040210 -0.000859
vn 0.224160 -0.647614 -0.728250
v 0.035350 0.041257 -0.002808
vn 0.097806 -0.210118 -0.972772
v 0.005182 0.041536 -0.024066
vn 0.218738 0.338511 -0.915185
v 0.018661 0.100308 -0.022127
vn -0.342944 0.347262 -0.872811
v -0.060511 0.107484 -0.017042
vn -0.352992 0.407435 -0.842255
v -0.062374 0.040146 -0.007404
vn 0.337570 -0.660903 -0.670264
v 0.025457 0.039484 -0.004025
vn 0.118299 -0.486135 -0.865839
v -0.000228 0.043395 -0.025124
vn 0.111391 -0.498916 -0.859462
v -0.008109 0.043439 -0.026140
vn 0.122654 -0.022839 -0.992187
v -0.017362 0.043237 -0.027665
vn -0.001271 0.366238 -0.930520
v -0.026417 0.044674 -0.028210
vn 0.052975 0.128653 -0.990274
v 0.003806 0.109443 -0.020204
vn -0.424531 0.137879 -0.894853
v -0.058232 0.095690 -0.020616
vn -0.544628 0.682065 -0.488023
v -0.066122 0.042341 -0.002754
vn -0.374222 0.107844 -0.921047
v -0.060960 0.094173 -0.019016
vn 0.187898 -0.551495 -0.812741
v 0.031352 0.042649 -0.004674
vn -0.605459 -0.471745 0.640997
v -0.033541 0.036343 0.049090
vn 0.481772 -0.279626 -0.830485
v 0.017253 0.044336 -0.023067
vn 0.087725 -0.281791 -0.955457
v 0.010638 0.044162 -0.024926
vn 0.253953 -0.625239 -0.737959
v 0.004384 0.045807 -0.026789
vn 0.044891 -0.708846 -0.703933
v -0.008251 0.045149 -0.028441
vn -0.030963 -0.496837 -0.867292
v -0.015748 0.045044 -0.027878
vn 0.315267 -0.452726 -0.834054
v 0.028990 0.044698 -0.006186
vn 0.115583 -0.448680 -0.886186
v 0.008169 0.045053 -0.025179
vn 0.123028 -0.719292 -0.683728
v -0.000963 0.045378 -0.027308
vn 0.113927 -0.510147 -0.852508
v -0.001703 0.047819 -0.029929
vn -0.138154 0.616488 -0.775149
v -0.031536 0.044740 -0.028079
vn -0.021974 -0.607969 -0.793657
v -0.033620 0.156915 -0.011025
vn -0.324877 0.361364 -0.873997
v -0.050751 0.043110 -0.010019
vn 0.121586 -0.308288 -0.943491
v 0.036891 0.047353 -0.006106
vn 0.566147 -0.637225 -0.522897
v 0.024976 0.042645 -0.007017
vn 0.507514 -0.610224 -0.608322
v 0.024562 0.048370 -0.019673
vn 0.317267 -0.295629 -0.901080
v 0.013964 0.045579 -0.024707
vn 0.275481 -0.427526 -0.861006
v 0.013376 0.048630 -0.026551
vn 0.272644 -0.507700 -0.817255
v 0.003731 0.048128 -0.029026
vn 0.002707 -0.489125 -0.872210
v -0.008795 0.047057 -0.029882
vn -0.091523 -0.429317 -0.898505
v -0.013754 0.051865 -0.032243
vn -0.228917 -0.133478 -0.964252
v -0.021201 0.046657 -0.027951
vn 0.282190 -0.563457 -0.776457
v 0.039694 0.045659 -0.004527
vn 0.106900 -0.218574 -0.969947
v 0.033627 0.048718 -0.006390
vn -0.336997 0.121976 -0.933571
v -0.065352 0.099295 -0.016820
vn 0.211966 -0.180661 -0.960433
v 0.001287 0.050384 -0.030357
vn 0.067066 -0.452920 -0.889025
v -0.008180 0.049846 -0.031071
vn -0.204750 -0.463077 -0.862344
v -0.017184 0.048211 -0.029742
vn -0.329616 0.445478 -0.832408
v -0.026049 0.047693 -0.026150
vn -0.302160 -0.944013 0.132436
v -0.084747 0.110784 0.039488
vn -0.451779 0.154777 -0.878601
v -0.051317 0.048271 -0.007931
vn -0.501211 0.142560 -0.853501
v -0.082507 0.127655 -0.004680
vn 0.065871 -0.048536 -0.996647
v 0.038664 0.051697 -0.006691
vn -0.573929 0.279473 -0.769741
v -0.075643 0.099440 -0.011928
vn 0.442362 -0.469161 -0.764332
v 0.020284 0.051349 -0.024895
vn 0.188633 -0.337337 -0.922291
v 0.005944 0.050977 -0.029119
vn -0.703365 -0.219230 -0.676178
v -0.025528 0.051473 -0.026885
vn -0.370572 0.866590 -0.334212
v -0.035563 0.049400 -0.012865
vn -0.525009 -0.008799 -0.851051
v -0.042819 0.162202 -0.010338
vn -0.422121 0.078638 -0.903122
v -0.065594 0.176657 -0.060505
vn -0.620997 0.437592 -0.650289
v -0.034151 0.174428 -0.013313
vn 0.283487 -0.326242 -0.901777
v 0.043673 0.050162 -0.005984
vn -0.488747 -0.116396 -0.864626
v -0.050342 0.155462 -0.005193
vn 0.688172 -0.179645 -0.702956
v 0.025464 0.054030 -0.021691
vn 0.209293 -0.415994 -0.884955
v 0.010150 0.049259 -0.027751
vn -0.459877 -0.358074 -0.812587
v -0.022043 0.053612 -0.030136
vn -0.523969 0.366190 -0.769000
v -0.032876 0.051678 -0.010889
vn -0.182382 0.648061 -0.739428
v -0.037614 0.049535 -0.011626
vn -0.164175 0.124152 -0.978587
v -0.040751 0.049285 -0.011286
vn -0.325606 0.234041 -0.916082
v -0.046385 0.047491 -0.010086
vn 0.205260 -0.031465 -0.978202
v 0.044473 0.053293 -0.006333
vn 0.459939 -0.398180 -0.793668
v 0.033206 0.051021 -0.007238
vn 0.355202 -0.406861 -0.841603
v 0.015678 0.051169 -0.026398
vn 0.045498 -0.176907 -0.983175
v 0.006834 0.055010 -0.030561
vn 0.233871 -0.299232 -0.925076
v 0.002142 0.055503 -0.031334
vn 0.202175 -0.208761 -0.956841
v 0.000593 0.052868 -0.030514
vn 0.160010 -0.295262 -0.941922
v -0.003648 0.051869 -0.031458
vn 0.208491 -0.232396 -0.950012
v -0.009425 0.055399 -0.033654
vn -0.319505 -0.397092 -0.860369
v -0.019302 0.058225 -0.033920
vn 0.301237 0.113894 -0.946723
v -0.061084 0.133862 -0.007225
vn -0.068869 -0.205931 -0.976140
v -0.043310 0.055657 -0.011402
vn 0.993487 -0.104252 0.045987
v -0.061081 0.168338 -0.059192
vn 0.442291 -0.201545 -0.873932
v 0.047575 0.052944 -0.005130
vn -0.038108 0.487967 -0.872030
v -0.037403 0.111508 -0.018243
vn 0.446864 -0.286430 -0.847508
v 0.019972 0.054410 -0.027108
vn 0.179313 -0.207944 -0.961564
v 0.005397 0.058383 -0.030904
vn 0.069802 -0.376750 -0.923681
v -0.010604 0.053603 -0.033403
vn -0.039852 0.090180 -0.995128
v -0.034998 0.052332 -0.010347
vn -0.336473 -0.071387 -0.938983
v -0.046471 0.051304 -0.009830
vn -0.398970 0.369499 -0.839222
v -0.067945 0.114936 -0.009511
vn -0.710099 -0.552430 -0.436556
v -0.071048 0.151611 -0.044679
vn -0.283122 -0.751611 -0.595754
v -0.005890 0.034791 -0.024224
vn 0.279459 -0.233984 -0.931211
v 0.016842 0.055556 -0.028285
vn 0.237821 -0.231914 -0.943216
v 0.010711 0.054688 -0.029768
vn 0.214042 -0.272127 -0.938154
v -0.001183 0.059492 -0.033361
vn 0.151638 -0.290371 -0.944823
v -0.005233 0.055689 -0.032840
vn -0.572014 -0.073637 -0.816932
v -0.051706 0.052471 -0.007405
vn -0.654418 -0.238726 -0.717458
v -0.052626 0.060044 -0.008957
vn -0.421612 0.228507 -0.877512
v -0.072599 0.097763 -0.014435
vn 0.023890 0.260553 -0.965164
v 0.044331 0.055818 -0.006036
vn 0.278164 0.120762 -0.952912
v 0.038463 0.054935 -0.006182
vn 0.617940 0.039635 -0.785226
v 0.038839 0.057808 -0.005258
vn 0.145359 -0.279941 -0.948949
v -0.009202 0.059510 -0.034437
vn 0.012865 -0.145708 -0.989244
v -0.035263 0.055285 -0.010545
vn 0.102470 -0.003783 -0.994729
v -0.038336 0.054504 -0.010905
vn 0.226268 -0.551095 0.803180
v -0.017728 0.036290 0.052222
vn 0.295101 0.131950 -0.946311
v 0.050006 0.058096 -0.004621
vn -0.005904 0.426441 -0.904496
v 0.046134 0.059279 -0.004777
vn 0.304669 -0.070861 -0.949819
v 0.015110 0.059820 -0.028646
vn 0.223240 -0.065711 -0.972546
v 0.010312 0.057587 -0.029995
vn 0.122345 -0.284945 -0.950704
v -0.006135 0.060257 -0.034696
vn 0.100058 -0.315867 -0.943513
v -0.012318 0.059396 -0.035269
vn 0.106423 -0.245684 -0.963490
v -0.014467 0.063136 -0.036866
vn -0.245515 -0.297659 -0.922563
v -0.046650 0.059841 -0.012136
vn 0.172835 0.348430 -0.921263
v -0.056572 0.124803 -0.007189
vn -0.434962 -0.171834 -0.883901
v -0.079237 0.120554 -0.005674
vn -0.419095 0.009124 -0.907897
v -0.079335 0.125607 -0.006118
vn 0.489618 -0.003334 -0.871931
v 0.022340 0.058492 -0.026014
vn 0.294315 -0.295972 -0.908724
v 0.007627 0.062098 -0.031136
vn 0.319091 -0.247966 -0.914710
v 0.003310 0.060457 -0.032481
vn -0.163058 -0.377339 -0.911607
v -0.016812 0.061275 -0.035929
vn -0.804867 -0.214440 -0.553358
v -0.032492 0.057196 -0.012105
vn -0.418616 -0.428579 -0.800676
v -0.034108 0.061467 -0.013053
vn -0.283979 -0.238017 -0.928818
v -0.033897 0.057025 -0.011048
vn 0.038559 -0.287158 -0.957107
v -0.038624 0.058303 -0.011506
vn -0.126239 -0.311134 -0.941944
v -0.045008 0.062724 -0.013390
vn 0.440223 0.195687 -0.876305
v -0.056896 0.133987 -0.005627
vn -0.411330 -0.248489 -0.876961
v -0.044854 0.157460 -0.008673
vn -0.708756 -0.705005 -0.025156
v -0.078610 0.069657 0.011811
vn -0.033400 0.203363 -0.978534
v -0.023730 0.101862 -0.023836
vn -0.150141 0.206985 -0.966755
v -0.028123 0.099322 -0.023580
vn -0.257302 -0.396532 -0.881225
v -0.050077 0.149977 -0.003642
vn -0.163459 0.183785 -0.969280
v -0.033048 0.095959 -0.023426
vn 0.443235 -0.126961 -0.887369
v 0.019520 0.062065 -0.027292
vn 0.002947 0.224588 -0.974449
v -0.038865 0.103340 -0.020641
vn -0.382512 -0.264642 -0.885239
v -0.048953 0.056281 -0.010221
vn 0.262830 -0.084470 -0.961138
v -0.053993 0.144987 -0.001109
vn -0.031528 0.137015 -0.990067
v -0.045531 0.098511 -0.021730
vn -0.101805 0.240207 -0.965369
v -0.050911 0.100746 -0.021619
vn 0.620345 -0.003279 -0.784322
v 0.023246 0.062793 -0.025048
vn 0.303049 -0.315262 -0.899317
v 0.009741 0.063181 -0.031141
vn 0.218811 -0.060888 -0.973866
v -0.000866 0.064560 -0.034491
vn 0.185017 -0.166301 -0.968562
v -0.008526 0.064002 -0.035850
vn -0.410664 -0.306961 -0.858563
v -0.048451 0.064794 -0.013030
vn -0.145725 0.308392 -0.940031
v -0.052325 0.106148 -0.019271
vn -0.292456 0.288309 -0.911782
v -0.055265 0.102167 -0.019897
vn -0.378553 0.173442 -0.909184
v -0.059042 0.099032 -0.019223
vn -0.244213 0.230585 -0.941908
v -0.057847 0.104335 -0.018526
vn -0.526115 0.073559 -0.847226
v -0.027113 0.173322 -0.018539
vn 0.604318 -0.127152 -0.786532
v 0.022832 0.067083 -0.026298
vn 0.307364 -0.247438 -0.918859
v 0.014519 0.064596 -0.029856
vn 0.242150 -0.146363 -0.959136
v 0.011471 0.067581 -0.030901
vn -0.161199 -0.270592 -0.949102
v -0.017739 0.066261 -0.037657
vn 0.127621 0.090141 -0.987718
v -0.065060 0.134521 -0.008090
vn -0.517256 -0.039822 -0.854904
v -0.075829 0.142446 -0.005809
vn 0.026915 -0.353900 -0.934896
v -0.041362 0.061637 -0.012814
vn -0.551911 -0.552506 -0.624605
v -0.056148 0.061922 -0.005754
vn -0.283916 -0.810733 -0.511961
v -0.062126 0.062845 -0.004520
vn -0.419551 -0.075370 -0.904597
v -0.037292 0.164491 -0.013627
vn -0.148063 -0.587067 -0.795883
v -0.019819 0.165095 -0.017609
vn 0.277478 -0.139961 -0.950482
v 0.006288 0.065416 -0.032563
vn 0.227086 -0.170991 -0.958746
v -0.005925 0.069516 -0.035933
vn 0.265551 -0.183799 -0.946415
v -0.010539 0.067999 -0.036517
vn -0.522198 -0.421461 -0.741404
v -0.035386 0.066817 -0.015435
vn -0.447846 -0.489256 -0.748374
v -0.053994 0.064639 -0.009325
vn -0.339732 -0.732873 -0.589473
v -0.063852 0.065572 -0.006939
vn 0.132372 0.092074 -0.986914
v -0.063921 0.127742 -0.008549
vn -0.197515 -0.542926 0.816223
v -0.026941 0.036184 0.053352
vn 0.456596 -0.105656 -0.883378
v 0.019619 0.067007 -0.028356
vn 0.290531 -0.125874 -0.948550
v 0.012275 0.069934 -0.031553
vn 0.239469 -0.161561 -0.957368
v 0.005427 0.068248 -0.032731
vn 0.236342 -0.075153 -0.968759
v -0.004408 0.066619 -0.034870
vn -0.431465 -0.328221 -0.840303
v -0.021911 0.067145 -0.036536
vn -0.328575 -0.373913 -0.867310
v -0.045643 0.154669 -0.007297
vn -0.199545 -0.601690 -0.773402
v -0.051673 0.066851 -0.012120
vn -0.199119 -0.744590 -0.637132
v -0.058105 0.066466 -0.010044
vn 0.303707 0.336197 -0.891478
v -0.056992 0.143119 -0.002240
vn -0.494578 0.194074 -0.847188
v -0.080651 0.131199 -0.004440
vn 0.321954 0.213149 -0.922449
v -0.056544 0.128509 -0.006201
vn 0.398874 0.003502 -0.916999
v 0.017758 0.070139 -0.029405
vn 0.309813 -0.240345 -0.919919
v 0.006498 0.070792 -0.033525
vn 0.206258 -0.245287 -0.947255
v 0.000758 0.070434 -0.034463
vn 0.202946 -0.183161 -0.961907
v -0.013236 0.069293 -0.037917
vn -0.178508 0.058068 -0.982224
v -0.067391 0.118897 -0.008730
vn -0.019189 -0.396272 -0.917933
v -0.038120 0.064162 -0.013829
vn -0.026477 0.390871 -0.920065
v 0.001853 0.113034 -0.019794
vn -0.679927 -0.692150 0.242131
v -0.075951 0.068171 0.018118
vn 0.252815 -0.118504 -0.960230
v -0.010002 0.072671 -0.037661
vn -0.076830 -0.167263 -0.982914
v -0.017976 0.070614 -0.038444
vn -0.381632 -0.205163 -0.901257
v -0.023036 0.072778 -0.038073
vn -0.605809 -0.279057 -0.745066
v -0.026120 0.071177 -0.035452
vn -0.045959 -0.016348 -0.998810
v -0.068535 0.139294 -0.007805
vn -0.590123 -0.320631 -0.740912
v -0.035263 0.071068 -0.018012
vn 0.000657 -0.364958 -0.931024
v -0.041558 0.069774 -0.016774
vn 0.068412 -0.552528 -0.830682
v -0.052832 0.070299 -0.014865
vn -0.489830 -0.691642 -0.530751
v -0.066979 0.067639 -0.006809
vn 0.673821 0.210365 -0.708317
v -0.010244 0.178958 -0.029539
vn -0.288322 0.011078 -0.957469
v -0.075273 0.126801 -0.008024
vn -0.508152 -0.787678 0.348346
v -0.087360 0.112483 0.042049
vn 0.422997 -0.074356 -0.903075
v 0.008750 0.074302 -0.033398
vn 0.430555 -0.649746 -0.626461
v -0.064250 0.160450 -0.057041
vn -0.217339 -0.303047 -0.927861
v -0.044354 0.073372 -0.017874
vn -0.220506 -0.366577 -0.903880
v -0.045763 0.069445 -0.015929
vn -0.170589 -0.425334 -0.888814
v -0.047957 0.072543 -0.016107
vn -0.150246 -0.695564 -0.702578
v -0.057823 0.069538 -0.014416
vn -0.513420 -0.702165 -0.493319
v -0.072072 0.071538 -0.007471
vn 0.582925 0.000080 -0.812526
v 0.025473 0.074094 -0.024939
vn 0.395252 0.093571 -0.913795
v 0.015720 0.073756 -0.029748
vn 0.229693 -0.106972 -0.967367
v 0.004821 0.073764 -0.034552
vn 0.226564 -0.160953 -0.960605
v -0.002253 0.073921 -0.035887
vn 0.196030 -0.152386 -0.968685
v -0.007383 0.074800 -0.037224
vn -0.066690 -0.023907 -0.997487
v -0.020225 0.077095 -0.039044
vn -0.894259 -0.262946 -0.362161
v -0.034016 0.072101 -0.020823
vn -0.074088 -0.354089 -0.932273
v -0.038493 0.072840 -0.017502
vn -0.335321 -0.607671 -0.719928
v -0.064393 0.073116 -0.015335
vn -0.382830 -0.701925 -0.600619
v -0.064481 0.070187 -0.012262
vn 0.014760 -0.706213 -0.707846
v -0.023854 0.161645 -0.014504
vn 0.474550 0.045641 -0.879044
v 0.022104 0.072693 -0.026900
vn 0.413951 0.025695 -0.909936
v 0.015532 0.076587 -0.029607
vn 0.457887 -0.026001 -0.888630
v 0.011574 0.074861 -0.031384
vn 0.090725 -0.066216 -0.993672
v -0.014732 0.077641 -0.038491
vn 0.103081 -0.047176 -0.993554
v -0.016019 0.074289 -0.038864
vn 0.071983 -0.540403 -0.838322
v -0.051104 0.073072 -0.016243
vn -0.115906 -0.489766 -0.864115
v -0.057990 0.074018 -0.017522
vn -0.476442 -0.666017 -0.573955
v -0.069608 0.072323 -0.010934
vn -0.399020 -0.270723 -0.876066
v -0.075996 0.117141 -0.006558
vn 0.000782 0.330838 -0.943687
v -0.037988 0.107515 -0.019976
vn 0.466981 0.057861 -0.882372
v 0.010696 0.079889 -0.032010
vn 0.215960 -0.104880 -0.970753
v -0.005343 0.078265 -0.037477
vn -0.560066 -0.143957 -0.815844
v -0.026082 0.076191 -0.036780
vn -0.186402 -0.487221 -0.853153
v -0.039161 0.157189 -0.010581
vn -0.326439 -0.411421 -0.850982
v -0.065610 0.075860 -0.016750
vn -0.507891 -0.489744 -0.708659
v -0.070178 0.075663 -0.013839
vn -0.599718 -0.525277 -0.603674
v -0.074291 0.074808 -0.009354
vn -0.355491 -0.077652 -0.931448
v -0.063429 0.171854 -0.061412
vn 0.675433 -0.005209 -0.737403
v 0.030685 0.075727 -0.020778
vn 0.430968 0.054705 -0.900707
v 0.019305 0.079018 -0.027744
vn 0.120867 -0.079839 -0.989453
v -0.008599 0.079339 -0.037905
vn -0.313642 -0.068246 -0.947086
v -0.023200 0.076568 -0.038387
vn -0.125245 -0.300471 -0.945532
v -0.038118 0.076390 -0.018644
vn -0.058586 -0.317963 -0.946291
v -0.044231 0.077664 -0.019027
vn 0.100458 -0.519119 -0.848778
v -0.051025 0.075705 -0.018187
vn -0.128389 0.074696 -0.988907
v -0.070595 0.129948 -0.008763
vn 0.599188 0.087214 -0.795844
v 0.028148 0.078785 -0.022432
vn 0.352261 0.081637 -0.932335
v 0.007602 0.079436 -0.033715
vn 0.258553 0.030355 -0.965520
v 0.004950 0.078027 -0.034410
vn 0.014259 -0.038387 -0.999161
v -0.015858 0.081166 -0.039186
vn -0.103407 0.056625 -0.993026
v -0.018502 0.083344 -0.039011
vn -0.619452 0.154053 -0.769771
v -0.079739 0.136069 -0.004148
vn -0.282420 -0.249666 -0.926232
v -0.030980 0.166347 -0.016241
vn -0.669945 -0.335137 -0.662463
v -0.035750 0.077248 -0.019374
vn 0.070531 -0.425108 -0.902390
v -0.048945 0.079086 -0.019576
vn -0.009427 -0.441409 -0.897257
v -0.055066 0.078089 -0.019755
vn 0.509124 0.095842 -0.855340
v 0.023706 0.080240 -0.025450
vn 0.414528 0.062714 -0.907873
v 0.012254 0.083457 -0.030772
vn 0.361117 0.115343 -0.925360
v 0.001855 0.084693 -0.034839
vn 0.321518 -0.051899 -0.945480
v -0.000209 0.078941 -0.035782
vn 0.387628 0.057553 -0.920017
v -0.000427 0.082947 -0.036381
vn 0.213159 0.016043 -0.976886
v -0.004410 0.082795 -0.037467
vn -0.151319 0.409462 -0.899691
v -0.033202 0.105783 -0.020648
vn -0.154487 -0.340811 -0.927352
v -0.039207 0.081536 -0.020571
vn -0.249370 -0.238808 -0.938502
v -0.060355 0.079767 -0.019376
vn 0.028845 0.213872 -0.976436
v -0.041772 0.103967 -0.020833
vn 0.130545 -0.003117 -0.991438
v -0.011204 0.082713 -0.038490
vn -0.284810 0.094993 -0.953865
v -0.023181 0.081687 -0.038329
vn -0.529238 -0.006692 -0.848447
v -0.027233 0.080571 -0.036621
vn -0.768877 -0.206689 -0.605068
v -0.035470 0.080196 -0.022326
vn 0.037091 -0.317156 -0.947648
v -0.044864 0.081998 -0.020474
vn 0.065333 -0.290940 -0.954508
v -0.050648 0.082309 -0.021366
vn -0.116053 -0.199885 -0.972922
v -0.055523 0.081928 -0.021354
vn -0.692129 -0.701990 0.167831
v -0.088090 0.111355 0.018516
vn 0.184679 -0.919124 0.348002
v -0.072036 0.111079 0.045361
vn -0.492614 0.094464 -0.865106
v -0.033360 0.169864 -0.015449
vn -0.367963 -0.861439 0.350036
v -0.066839 0.062171 0.021577
vn 0.570485 0.016077 -0.821150
v 0.030731 0.081969 -0.020040
vn 0.471179 0.163300 -0.866789
v 0.016224 0.086480 -0.028952
vn -0.418851 0.249326 -0.873155
v -0.069856 0.100279 -0.014848
vn -0.269172 -0.101938 -0.957682
v -0.063836 0.081705 -0.018909
vn -0.404894 -0.255921 -0.877819
v -0.067915 0.080136 -0.017128
vn -0.615536 0.170093 -0.769535
v -0.045752 0.163408 -0.008178
vn 0.402084 0.143816 -0.904238
v 0.011728 0.088011 -0.030860
vn 0.354655 0.099877 -0.929647
v 0.007333 0.085270 -0.032829
vn 0.252291 0.262161 -0.931462
v -0.003436 0.087018 -0.036461
vn -0.526029 0.228042 -0.819323
v -0.026964 0.084513 -0.036362
vn -0.482299 -0.258968 -0.836853
v -0.036553 0.085316 -0.022576
vn -0.320852 -0.245132 -0.914858
v -0.038791 0.085233 -0.021918
vn -0.290693 -0.048582 -0.955582
v -0.057677 0.086258 -0.021098
vn -0.255801 0.002931 -0.966725
v -0.062582 0.086395 -0.019169
vn -0.090127 -0.022103 -0.995685
v -0.071395 0.124688 -0.008594
vn 0.048646 0.327071 -0.943747
v 0.014802 0.099041 -0.022843
vn -0.500661 -0.136175 -0.854866
v -0.021163 0.174919 -0.021977
vn 0.021667 0.250396 -0.967901
v -0.014824 0.087289 -0.038317
vn -0.330038 0.494774 -0.803911
v -0.023286 0.089468 -0.036027
vn -0.025179 -0.063574 -0.997659
v -0.051596 0.084422 -0.021601
vn -0.361814 0.024052 -0.931940
v -0.069481 0.085656 -0.017198
vn -0.459310 0.350541 -0.816183
v -0.070917 0.107548 -0.011497
vn 0.528287 0.108378 -0.842120
v 0.030145 0.086284 -0.020408
vn -0.240673 0.512066 -0.824539
v -0.055578 0.115677 -0.014646
vn 0.154455 0.347672 -0.924807
v -0.008098 0.089070 -0.036552
vn -0.700862 -0.130330 -0.701289
v -0.081206 0.112051 -0.000883
vn -0.114613 0.485370 -0.866764
v -0.018772 0.089838 -0.036992
vn -0.215259 0.284451 -0.934212
v -0.021100 0.086588 -0.037849
vn -0.543723 0.502664 -0.672083
v -0.025810 0.088890 -0.035082
vn -0.007263 -0.030441 -0.999510
v -0.048985 0.090732 -0.021817
vn -0.209212 -0.525725 -0.824526
v -0.035875 0.034776 -0.030845
vn 0.009218 -0.894509 -0.446954
v -0.033164 0.033607 -0.029722
vn 0.063220 -0.976558 -0.205762
v -0.025964 0.033487 -0.026321
vn 0.077085 -0.963620 -0.255917
v -0.016718 0.033612 -0.024625
vn -0.048227 -0.951830 -0.302811
v -0.005349 0.033829 -0.022600
vn 0.112003 -0.957688 -0.265121
v 0.006484 0.034293 -0.020855
vn 0.407742 -0.839948 -0.358099
v 0.013950 0.034880 -0.018613
vn -0.643437 -0.473851 -0.601211
v -0.042466 0.034189 -0.027261
vn -0.046887 -0.998209 -0.037148
v -0.033241 0.033579 -0.026719
vn 0.012052 -0.999718 0.020446
v 0.006281 0.034166 -0.018764
vn -0.312920 -0.938484 -0.146042
v -0.044266 0.033664 -0.021914
vn 0.001792 -0.993738 0.111723
v -0.023671 0.033631 -0.023218
vn -0.003036 -0.992394 0.123064
v -0.011559 0.033895 -0.021054
vn 0.002914 -0.995517 0.094537
v -0.002041 0.034054 -0.019331
vn -0.108253 -0.882665 0.457366
v 0.001732 0.034460 -0.016608
vn 0.017811 -0.848439 0.528993
v -0.027316 0.033910 -0.021354
vn -0.065271 -0.864739 0.497963
v -0.013371 0.034362 -0.019024
vn -0.213688 -0.968280 0.129505
v 0.009589 0.034207 -0.015424
vn -0.117642 -0.595649 0.794583
v -0.014982 0.035878 -0.017992
vn -0.124358 -0.617794 0.776444
v -0.002347 0.035903 -0.015930
vn -0.225375 -0.610262 0.759464
v 0.002254 0.036412 -0.014784
vn 0.155142 -0.947199 0.280615
v -0.035199 0.033835 -0.020508
vn -0.034572 -0.646260 0.762334
v -0.026075 0.035919 -0.019405
vn -0.390363 -0.762723 0.515626
v 0.008274 0.035645 -0.012649
vn -0.644291 -0.761935 0.065912
v 0.010474 0.034743 -0.011263
vn 0.148602 -0.987139 -0.058943
v 0.014055 0.034483 -0.014496
vn 0.548539 -0.730565 0.406669
v -0.036971 0.035680 -0.015008
vn -0.122751 -0.830031 0.544041
v -0.002472 0.038409 -0.014159
vn -0.012276 -0.999883 -0.009110
v -0.039482 0.033618 -0.023612
vn 0.337444 -0.934415 0.114021
v -0.041092 0.034006 -0.011998
vn 0.212078 -0.722289 0.658271
v -0.031590 0.035592 -0.019204
vn -0.068161 -0.794621 0.603268
v -0.020086 0.038064 -0.017221
vn -0.079652 -0.816980 0.571138
v -0.011113 0.038290 -0.015646
vn -0.243287 -0.849409 0.468311
v 0.004452 0.037705 -0.012958
vn 0.067948 -0.997598 -0.013463
v 0.015870 0.034416 -0.002967
vn -0.788554 -0.153732 -0.595440
v -0.047872 0.034136 -0.015418
vn -0.141612 -0.985382 -0.094704
v -0.047522 0.033623 -0.012805
vn 0.346914 -0.829091 0.438473
v -0.033407 0.037577 -0.016158
vn 0.064842 -0.911387 0.406410
v -0.027851 0.038404 -0.017210
vn 0.001930 -0.994732 0.102488
v -0.008507 0.039029 -0.013001
vn -0.472489 -0.867339 0.156453
v 0.006455 0.038165 -0.010165
vn -0.395609 -0.887771 -0.235279
v 0.007415 0.034659 -0.003012
vn -0.154296 -0.987849 0.018651
v 0.011966 0.034335 -0.005957
vn 0.692210 -0.682879 -0.233497
v 0.020415 0.035568 -0.003781
vn 0.007691 -0.995355 0.095962
v -0.019289 0.038763 -0.014203
vn -0.065992 -0.989209 0.130810
v -0.001139 0.039177 -0.010381
vn -0.223637 -0.974472 -0.019749
v 0.003815 0.039024 -0.008083
vn -0.617564 -0.749092 -0.239742
v 0.007521 0.036733 -0.006761
vn 0.358858 -0.922980 -0.139030
v 0.019968 0.034844 -0.001898
vn 0.033192 -0.999413 0.008467
v -0.045058 0.033600 -0.012528
vn 0.080181 -0.994075 0.073385
v -0.030755 0.038640 -0.014051
vn -0.213062 -0.861679 -0.460558
v -0.051500 0.033729 -0.012083
vn 0.009446 -0.999931 -0.007021
v -0.023757 0.038586 -0.011093
vn -0.531754 -0.778256 -0.334000
v 0.003973 0.038209 -0.003796
vn 0.031868 -0.961368 0.273417
v 0.009549 0.034233 0.001716
vn 0.227302 -0.931866 -0.282770
v 0.029087 0.035800 0.003563
vn -0.029466 -0.997265 -0.067784
v -0.055965 0.033530 -0.009125
vn 0.023376 -0.999448 -0.023612
v -0.019524 0.038505 -0.004543
vn 0.020118 -0.960432 0.277786
v 0.016363 0.034395 0.002295
vn -0.239012 -0.934735 0.262950
v 0.021325 0.034624 0.005644
vn 0.726561 -0.660873 0.188031
v -0.039670 0.036174 -0.007340
vn 0.028361 -0.999336 -0.022853
v -0.014252 0.038648 -0.004303
vn -0.553327 -0.769125 -0.319807
v 0.002326 0.035348 0.002325
vn 0.106193 -0.719182 0.686659
v 0.014014 0.035704 0.003888
vn -0.150651 -0.738271 0.657465
v 0.015323 0.036240 0.003663
vn 0.166427 -0.969850 -0.178027
v 0.023753 0.034671 0.003989
vn 0.266068 -0.950270 -0.161849
v 0.032369 0.035816 0.007025
vn -0.373939 -0.510982 -0.773994
v -0.063716 0.033777 -0.008007
vn -0.026104 -0.998559 -0.046891
v -0.064267 0.033563 -0.005125
vn 0.407688 -0.883828 0.229433
v -0.038067 0.038519 -0.007308
vn 0.030841 -0.999246 -0.023599
v -0.009431 0.038888 -0.007485
vn -0.010827 -0.999935 -0.003452
v 0.003968 0.034200 0.004975
vn 0.223425 -0.889384 0.398844
v 0.009429 0.036030 0.004528
vn 0.188352 -0.981681 -0.028730
v 0.029859 0.034980 0.009835
vn -0.000060 -0.999961 0.008805
v -0.052730 0.033498 -0.001812
vn 0.336710 -0.941302 -0.024026
v -0.041271 0.033855 -0.001880
vn 0.006062 -0.999374 -0.034847
v -0.003111 0.038946 -0.002779
vn 0.398558 -0.916775 -0.025978
v 0.006219 0.035134 0.006549
vn -0.395529 -0.875154 0.278679
v 0.020898 0.035937 0.008785
vn 0.340889 -0.939657 -0.028971
v 0.035606 0.036527 0.009816
vn -0.431776 -0.757054 -0.490345
v -0.067078 0.033840 -0.006169
vn -0.672445 -0.678309 -0.296167
v -0.000811 0.037424 0.004772
vn -0.238807 -0.971060 0.003598
v 0.003149 0.034125 0.011762
vn 0.143224 -0.989583 -0.014555
v 0.004917 0.033997 0.009167
vn -0.182254 -0.980708 0.070675
v 0.025131 0.034547 0.011013
vn 0.169727 -0.978392 0.118077
v 0.028249 0.035046 0.016017
vn -0.431174 -0.800718 0.415860
v -0.067033 0.065146 0.027293
vn 0.032526 -0.999360 -0.014914
v -0.046380 0.033605 -0.000894
vn 0.050790 -0.998426 -0.023806
v -0.033163 0.038195 -0.000525
vn 0.034206 -0.999142 -0.023332
v -0.032074 0.038323 -0.000421
vn 0.020500 -0.999583 -0.020326
v -0.021693 0.038266 0.004510
vn -0.136635 -0.987167 -0.082656
v 0.023931 0.034817 0.017739
vn 0.458342 -0.887566 -0.046366
v 0.042719 0.039977 0.008932
vn -0.006414 -0.999928 -0.010091
v -0.058604 0.033462 -0.000217
vn 0.003693 -0.999744 0.022300
v -0.037314 0.033633 0.004572
vn 0.018034 -0.999468 -0.027192
v -0.010424 0.038489 0.006229
vn -0.223717 -0.966279 -0.127497
v -0.001390 0.038651 0.002397
vn -0.552857 -0.824651 -0.119587
v -0.000308 0.035462 0.008261
vn -0.560255 -0.827090 0.045130
v -0.001409 0.036193 0.012945
vn -0.346854 -0.935393 -0.068791
v 0.022253 0.036583 0.013980
vn -0.759356 -0.559106 -0.332835
v -0.070962 0.034346 -0.000784
vn -0.165280 -0.986096 -0.017218
v -0.069066 0.033718 -0.000198
vn -0.036592 -0.999149 0.019039
v -0.064826 0.033506 0.002822
vn -0.019675 -0.999060 0.038619
v -0.047060 0.033502 0.003565
vn -0.512787 -0.858507 0.003946
v -0.003695 0.038173 0.013047
vn 0.293844 -0.941098 0.167304
v 0.033476 0.036447 0.016267
vn 0.387773 -0.914579 0.114793
v 0.037250 0.037510 0.014816
vn -0.031495 -0.923452 0.382418
v -0.045676 0.033704 0.006430
vn -0.217816 -0.903192 0.369865
v -0.038639 0.033937 0.008551
vn 0.001653 -0.999986 -0.004997
v -0.009506 0.038353 0.015571
vn -0.233865 -0.904875 -0.355679
v 0.021500 0.035807 0.018169
vn 0.459089 -0.880202 0.120342
v 0.044876 0.041231 0.016008
vn -0.970258 0.026487 -0.240622
v -0.072474 0.036256 0.001553
vn -0.639322 -0.768532 0.025008
v -0.071498 0.034453 0.004203
vn 0.374527 -0.923351 -0.084574
v -0.027791 0.038063 0.007938
vn 0.018700 -0.999720 -0.014466
v -0.016556 0.038286 0.010216
vn 0.130406 -0.991219 -0.021877
v 0.008104 0.034843 0.018135
vn 0.326571 -0.921174 0.211638
v 0.023589 0.035891 0.025338
vn 0.396376 -0.877780 0.269051
v 0.041261 0.040585 0.020752
vn 0.194434 -0.945988 0.259426
v -0.051351 0.033646 0.008033
vn 0.175039 -0.793362 0.583042
v -0.047104 0.035549 0.008080
vn -0.639947 -0.731849 0.234234
v -0.001410 0.037000 0.016982
vn -0.483416 -0.863293 0.145031
v 0.000917 0.034803 0.015635
vn -0.234953 -0.953031 0.191125
v 0.002889 0.034636 0.018850
vn -0.032145 -0.999152 0.025734
v 0.013279 0.034380 0.021424
vn 0.033417 -0.998648 0.039831
v 0.014323 0.034426 0.021593
vn -0.035348 -0.984135 -0.173863
v 0.017490 0.034646 0.022041
vn 0.293019 -0.909601 0.294560
v 0.029868 0.036249 0.019872
vn -0.370724 -0.727921 0.576797
v -0.039222 0.036326 0.010790
vn 0.084994 -0.995268 0.047091
v -0.030307 0.033995 0.014706
vn 0.230293 -0.968412 0.095622
v 0.020081 0.035173 0.028019
vn 0.546403 -0.762724 0.345971
v 0.024989 0.038105 0.029430
vn 0.285533 -0.891507 0.351690
v 0.033584 0.038304 0.022929
vn 0.531539 -0.795913 0.289808
v 0.049016 0.044574 0.020659
vn -0.233553 -0.759675 0.606916
v -0.058226 0.066607 0.035050
vn -0.160875 -0.982565 0.093190
v -0.067331 0.033846 0.008727
vn -0.441689 -0.887046 0.134387
v -0.034692 0.033829 0.012439
vn 0.466654 -0.871695 0.149603
v -0.029803 0.034287 0.016353
vn -0.530826 -0.747658 0.399038
v 0.001702 0.036311 0.021180
vn 0.483418 -0.735023 0.475445
v 0.045137 0.044625 0.025517
vn 0.341676 -0.783342 0.519262
v -0.068876 0.110222 0.039005
vn -0.055493 -0.997676 0.039533
v -0.057681 0.033623 0.014040
vn 0.091556 -0.995798 -0.001730
v -0.053211 0.033585 0.013987
vn -0.819689 -0.562893 0.106124
v -0.035712 0.035892 0.015503
vn 0.716813 -0.663503 0.214344
v -0.028862 0.035397 0.017350
vn 0.655499 -0.754405 0.034553
v -0.026580 0.037743 0.015705
vn -0.460748 -0.828983 0.317016
v -0.001097 0.038148 0.020427
vn 0.231434 -0.765803 0.599987
v 0.035048 0.040974 0.026970
vn -0.404269 -0.878065 0.256065
v -0.069685 0.034479 0.009798
vn -0.111962 -0.992189 0.055006
v -0.054019 0.033310 0.015848
vn -0.498339 -0.688194 0.527302
v 0.004482 0.037118 0.024755
vn -0.363931 -0.820365 0.441084
v 0.006661 0.035205 0.024316
vn -0.209594 -0.955677 0.206764
v 0.008383 0.034749 0.024057
vn 0.350414 -0.819215 0.453979
v 0.038883 0.041033 0.024977
vn -0.014743 -0.997773 0.065051
v -0.002644 0.038727 0.025131
vn -0.261979 -0.908649 0.325153
v 0.003222 0.038708 0.025899
vn -0.491930 -0.736103 0.464927
v 0.009002 0.036891 0.028482
vn -0.202646 -0.979151 0.014044
v 0.013197 0.034836 0.031631
vn 0.560055 -0.804199 0.199003
v 0.022292 0.037053 0.033101
vn 0.337600 -0.737168 0.585329
v 0.028948 0.039160 0.027235
vn -0.479190 -0.877708 -0.002472
v -0.087773 0.111814 0.037144
vn 0.027289 -0.999499 0.016064
v -0.017870 0.038204 0.020243
vn -0.710750 -0.701037 0.058156
v 0.010087 0.037048 0.030823
vn 0.409233 -0.703129 0.581496
v 0.042297 0.045436 0.029041
vn -0.302791 -0.641487 0.704849
v -0.084341 0.113880 0.046513
vn 0.072788 -0.826557 0.558127
v -0.073796 0.108956 0.039217
vn -0.436765 -0.612428 0.658915
v -0.051243 0.064239 0.034258
vn -0.243854 -0.962509 0.118796
v -0.061777 0.034018 0.016901
vn -0.775140 -0.566146 -0.280422
v -0.036665 0.035304 0.023032
vn 0.023967 -0.997654 0.064128
v -0.014930 0.038644 0.029378
vn -0.294014 -0.952553 0.078732
v -0.080895 0.109672 0.037910
vn -0.658585 -0.733739 -0.167012
v -0.089823 0.113872 0.032845
vn -0.463846 -0.750737 0.470362
v -0.069656 0.068728 0.031128
vn -0.135958 -0.942298 0.305923
v -0.078450 0.109888 0.042518
vn -0.436231 -0.714681 0.546748
v -0.075824 0.107949 0.037129
vn -0.017167 -0.998415 0.053599
v -0.055741 0.034128 0.026674
vn -0.557167 -0.351462 -0.752355
v -0.038280 0.035429 0.024381
vn -0.318111 -0.906892 -0.276319
v -0.035283 0.034180 0.022745
vn 0.171651 -0.985157 0.001159
v -0.025798 0.037865 0.019981
vn -0.428331 -0.885056 0.182233
v 0.006906 0.039004 0.029549
vn 0.087306 -0.994026 0.065495
v 0.015449 0.034852 0.036985
vn 0.394519 -0.906381 0.151088
v 0.019128 0.035641 0.036642
vn -0.325637 -0.799614 0.504558
v -0.063665 0.066048 0.031828
vn 0.206684 -0.645844 0.734961
v 0.039605 0.044940 0.029992
vn -0.783621 -0.606315 0.135353
v -0.080294 0.071702 0.015995
vn -0.092399 -0.633060 0.768569
v -0.054185 0.067323 0.036936
vn -0.668511 -0.720641 -0.183766
v -0.073110 0.148472 -0.028748
vn -0.178119 -0.521318 0.834567
v -0.059000 0.073752 0.041197
vn -0.295913 -0.873998 -0.385438
v -0.059521 0.061040 -0.002375
vn -0.548087 -0.830008 -0.103384
v -0.062792 0.034597 0.023506
vn -0.122722 -0.992358 -0.012875
v -0.041896 0.033668 0.026940
vn -0.703764 -0.693883 -0.152456
v 0.008981 0.037639 0.033901
vn -0.331082 -0.930389 -0.157358
v 0.008529 0.034888 0.036265
vn -0.703773 -0.548683 0.451276
v -0.089804 0.114981 0.042772
vn -0.342568 -0.518194 0.783660
v -0.065545 0.074430 0.039168
vn -0.328832 -0.900242 -0.285365
v -0.064644 0.061723 0.000226
vn -0.116731 -0.991583 0.056016
v 0.005250 0.039507 0.033271
vn 0.600471 -0.709544 0.368758
v 0.020250 0.037033 0.039327
vn -0.462638 -0.770432 -0.438635
v -0.067006 0.063293 -0.001749
vn -0.338035 -0.916062 -0.215783
v -0.064480 0.060651 0.004234
vn -0.843394 -0.537241 -0.007683
v -0.057220 0.057000 0.004918
vn -0.611838 -0.617040 0.494889
v -0.074363 0.072437 0.031430
vn -0.124300 -0.991897 0.026254
v -0.062019 0.034343 0.031883
vn -0.014563 -0.997250 0.072669
v -0.046871 0.034444 0.030513
vn 0.021065 -0.997959 0.060282
v -0.020814 0.038401 0.027868
vn 0.328651 -0.886465 0.325834
v 0.016439 0.035635 0.041281
vn 0.409233 -0.846435 0.340699
v -0.069087 0.112050 0.045320
vn -0.293918 -0.939529 -0.175778
v -0.071812 0.148613 -0.034639
vn -0.497665 -0.831736 -0.246059
v -0.069539 0.063075 0.003576
vn -0.812215 -0.572186 0.113626
v -0.084864 0.078392 0.016462
vn -0.749409 -0.640734 0.166869
v -0.091189 0.115889 0.024706
vn -0.641422 -0.746748 0.175914
v -0.088828 0.113592 0.023874
vn 0.190888 -0.797013 0.573002
v -0.071303 0.113254 0.049445
vn -0.052311 -0.581548 0.811829
v -0.054877 0.070282 0.038828
vn -0.767878 -0.358239 0.531063
v -0.077209 0.107159 0.034738
vn -0.353472 -0.930287 -0.098105
v -0.061242 0.059007 0.008092
vn -0.775130 -0.610092 -0.164199
v -0.065886 0.035025 0.029417
vn -0.004204 -0.999561 0.029330
v -0.057889 0.034420 0.036266
vn 0.015847 -0.999613 0.022856
v -0.051848 0.034470 0.034635
vn 0.279999 -0.956604 0.080678
v -0.034835 0.034721 0.034578
vn 0.431590 -0.890257 0.145508
v -0.030985 0.038192 0.032390
vn 0.022473 -0.997207 0.071233
v -0.004961 0.039365 0.036702
vn 0.121599 -0.969510 0.212755
v 0.012224 0.035177 0.042621
vn -0.195296 -0.642059 0.741363
v -0.074898 0.114589 0.050776
vn -0.213724 -0.573044 0.791166
v -0.080469 0.113580 0.046643
vn -0.588524 -0.730346 0.346748
v -0.074108 0.069586 0.027264
vn -0.719014 -0.560977 0.410274
v -0.079003 0.076339 0.029248
vn -0.402814 -0.913003 0.064545
v -0.065297 0.034779 0.033744
vn 0.000938 -0.998250 0.059128
v -0.033656 0.034344 0.036914
vn 0.068655 -0.976734 0.203169
v 0.004932 0.034815 0.043462
vn 0.217337 -0.631748 0.744083
v 0.011347 0.036213 0.044652
vn -0.221809 -0.624123 0.749180
v -0.060569 0.071155 0.038654
vn -0.603868 -0.797057 -0.006604
v -0.088979 0.114509 0.028446
vn -0.437030 -0.896263 -0.075611
v -0.068544 0.061090 0.010558
vn -0.102269 -0.364919 0.925406
v -0.082711 0.116490 0.048519
vn -0.002012 -0.999733 0.023023
v -0.041913 0.034468 0.033200
vn 0.020754 -0.996152 0.085152
v -0.011290 0.039529 0.038844
vn 0.076525 -0.943715 0.321784
v -0.002826 0.034885 0.045611
vn -0.316548 -0.947905 0.035678
v -0.064561 0.059484 0.013062
vn -0.248980 -0.968436 0.011848
v -0.058581 0.057801 0.013430
vn 0.030070 -0.997169 0.068923
v -0.023320 0.039170 0.038473
vn 0.024725 -0.996759 0.076552
v -0.018160 0.039322 0.039403
vn 0.006790 -0.998912 -0.046133
v -0.016471 0.034813 0.043685
vn 0.185201 -0.457863 0.869518
v 0.003291 0.035833 0.046025
vn -0.470800 -0.877273 -0.093479
v -0.085230 0.112007 0.030417
vn -0.384758 -0.914422 -0.125670
v -0.085645 0.111317 0.034235
vn -0.682730 -0.693948 -0.228727
v -0.074530 0.066681 0.004695
vn -0.623059 -0.778785 -0.072742
v -0.071113 0.062751 0.008800
vn -0.269208 -0.942249 0.199232
v -0.061149 0.058834 0.016539
vn 0.014058 -0.998026 0.061201
v -0.046912 0.034627 0.039740
vn 0.030130 -0.985946 0.164328
v -0.040760 0.034668 0.040493
vn -0.019070 -0.998644 0.048434
v -0.026323 0.034658 0.043474
vn 0.234788 -0.461447 0.855536
v -0.003184 0.036230 0.047873
vn -0.505850 -0.850948 0.141431
v -0.079940 0.109167 0.034120
vn -0.238853 -0.860052 0.450844
v -0.059712 0.063165 0.028789
vn -0.166670 -0.564936 0.808127
v -0.051177 0.068062 0.037398
vn -0.103598 -0.565959 0.817899
v -0.050127 0.070933 0.039481
vn -0.650842 -0.756347 0.065911
v -0.072790 0.064400 0.015206
vn -0.474759 -0.872332 0.116796
v -0.068511 0.061215 0.015354
vn -0.122272 -0.741866 0.659306
v -0.039343 0.035440 0.042493
vn 0.098672 -0.939536 0.327927
v -0.008131 0.035008 0.047502
vn -0.346929 -0.672503 0.653744
v -0.066081 0.070203 0.035553
vn 0.363773 -0.897623 -0.248881
v -0.068603 0.149923 -0.040051
vn -0.567121 -0.756587 0.325500
v -0.071722 0.067023 0.024960
vn -0.706858 -0.706826 -0.027358
v -0.075115 0.066557 0.010244
vn -0.843046 -0.353423 0.405419
v -0.065147 0.035946 0.039775
vn -0.660332 -0.359876 0.659128
v -0.036899 0.035925 0.044794
vn 0.258197 -0.487678 0.833969
v -0.009478 0.035978 0.049434
vn -0.386660 -0.310260 0.868466
v -0.085176 0.117068 0.048139
vn -0.294691 -0.865861 0.404279
v -0.063366 0.062790 0.025648
vn -0.354896 -0.907587 0.224355
v -0.066633 0.061002 0.018101
vn -0.269153 -0.889784 0.368566
v -0.058168 0.059985 0.022606
vn -0.408608 -0.875890 0.256626
v -0.064212 0.034993 0.039402
vn 0.017302 -0.994433 0.103938
v -0.053426 0.034560 0.042782
vn 0.034173 -0.978577 0.203024
v -0.018031 0.034860 0.049265
vn 0.321141 -0.047068 0.945861
v -0.011440 0.037641 0.050276
vn -0.088213 -0.862989 0.497461
v -0.075165 0.111543 0.046707
vn -0.685390 -0.697953 -0.207612
v -0.077168 0.069826 0.005061
vn -0.687920 -0.725756 0.006666
v -0.072801 0.064383 0.012089
vn -0.718550 -0.653458 0.238074
v -0.078022 0.070995 0.021322
vn -0.202809 -0.952160 0.228603
v -0.061263 0.034690 0.041995
vn 0.001393 -0.926639 0.375948
v -0.054404 0.035007 0.044875
vn 0.095174 -0.916582 0.388354
v -0.045754 0.035207 0.043518
vn -0.300028 -0.890781 0.341310
v -0.033832 0.035169 0.046958
vn -0.159492 -0.936179 0.313259
v -0.028658 0.035083 0.050549
vn 0.097591 -0.883405 0.458335
v -0.015306 0.035246 0.050134
vn 0.815112 -0.538781 -0.212856
v -0.065284 0.155924 -0.049866
vn 0.546555 -0.801450 -0.242807
v -0.066468 0.148715 -0.031579
vn 0.892395 -0.400005 -0.208870
v -0.062096 0.163883 -0.058386
vn 0.834195 -0.505153 -0.221222
v -0.063275 0.152457 -0.032222
vn 0.256539 -0.846471 -0.466556
v -0.043756 0.147734 -0.002143
vn 0.452031 -0.847658 -0.277750
v -0.065697 0.145616 -0.018975
vn 0.459478 -0.789802 -0.406317
v -0.066714 0.153588 -0.049097
vn 0.417972 -0.773136 -0.477033
v -0.010483 0.166683 -0.021746
vn 0.383790 -0.477691 -0.790263
v -0.062745 0.163975 -0.059398
vn -0.197443 -0.647421 -0.736113
v -0.070413 0.141292 -0.008459
vn 0.477166 0.192394 -0.857495
v -0.061530 0.140376 -0.006273
vn -0.314381 -0.525558 -0.790540
v -0.011452 0.172206 -0.026845
vn -0.140369 -0.345571 -0.927835
v -0.063731 0.165770 -0.060104
vn 0.135151 -0.764057 -0.630833
v -0.028219 0.157581 -0.010999
vn 0.231752 -0.893144 -0.385466
v -0.018471 0.159677 -0.011170
vn 0.626552 -0.751190 -0.207718
v -0.066701 0.152368 -0.045266
vn -0.021601 -0.572188 -0.819838
v -0.049896 0.146709 -0.001861
vn 0.254933 -0.855071 -0.451511
v -0.031450 0.154605 -0.007680
vn 0.127246 -0.814103 -0.566608
v -0.067448 0.155077 -0.051594
vn -0.298882 -0.246028 -0.922030
v -0.010907 0.176493 -0.029246
vn -0.469030 -0.831337 -0.298144
v -0.072084 0.149656 -0.039266
vn 0.744978 -0.638989 -0.191573
v -0.064231 0.148778 -0.025900
vn 0.827670 -0.249868 -0.502522
v -0.063057 0.143416 -0.007491
vn 0.637917 0.060487 -0.767726
v -0.053043 0.140925 -0.000474
vn 0.057101 -0.721542 -0.690013
v -0.039269 0.152052 -0.006620
vn 0.717588 -0.646042 -0.260186
v -0.064797 0.152106 -0.036186
vn 0.776776 -0.571647 -0.264268
v -0.064400 0.158344 -0.054256
vn 0.350454 -0.775824 -0.524671
v -0.066178 0.142183 -0.009377
vn 0.191858 -0.951691 -0.239740
v -0.067751 0.146052 -0.023333
vn 0.836815 -0.514167 -0.188078
v -0.064732 0.154101 -0.040465
vn 0.297374 -0.915910 -0.269588
v -0.024266 0.156877 -0.007851
vn -0.012128 -0.799462 -0.600594
v -0.015723 0.163123 -0.016397
vn -0.265400 -0.946645 -0.182826
v -0.070888 0.144046 -0.014908
vn -0.103193 -0.586833 -0.803105
v -0.044342 0.151138 -0.005686
vn 0.933560 -0.332247 -0.134451
v -0.062897 0.146948 -0.013099
vn 0.643097 -0.708837 -0.289788
v -0.063755 0.144289 -0.011396
vn -0.025143 -0.944094 -0.328715
v -0.068215 0.143909 -0.014984
vn 0.607296 -0.557095 -0.566425
v -0.050271 0.143366 0.001515
vn -0.070475 -0.539750 -0.838870
v -0.028536 0.162085 -0.014786
vn 0.277639 -0.906489 -0.318109
v -0.065811 0.143591 -0.012585
vn 0.563699 0.270771 -0.780337
v -0.056179 0.137744 -0.004067
vn 0.026440 -0.976478 -0.213988
v -0.068867 0.147233 -0.028740
vn 0.870187 -0.176008 -0.460212
v -0.060965 0.170021 -0.060839
vn -0.305376 -0.619295 -0.723339
v -0.013895 0.167872 -0.021897
vn -0.011053 -0.911040 -0.412170
v -0.069413 0.151218 -0.044539
vn -0.344299 -0.925029 0.160559
v -0.055040 0.057310 0.016991
# 2503 vertices, 0 vertices normals

f 1069//1069 1647//1647 1578//1578
f 1058//1058 909//909 939//939
f 421//421 1176//1176 238//238
f 1055//1055 1101//1101 1042//1042
f 238//238 1059//1059 1126//1126
f 1254//1254 30//30 1261//1261
f 1065//1065 1071//1071 1//1
f 1037//1037 1130//1130 1120//1120
f 1570//1570 2381//2381 1585//1585
f 2434//2434 2502//2502 2473//2473
f 1632//1632 1654//1654 1646//1646
f 1144//1144 1166//1166 669//669
f 1202//1202 1440//1440 305//305
f 1071//1071 1090//1090 1//1
f 1555//1555 1570//1570 1584//1584
f 1184//1184 1174//1174 404//404
f 65//65 432//432 12//12
f 1032//1032 1085//1085 574//574
f 1789//1789 2207//2207 2223//2223
f 1154//1154 1118//1118 1184//1184
f 1141//1141 1086//1086 1154//1154
f 99//99 1117//1117 342//342
f 404//404 1174//1174 419//419
f 489//489 2000//2000 1998//1998
f 1118//1118 1174//1174 1184//1184
f 1196//1196 403//403 136//136
f 1495//1495 717//717 1490//1490
f 1804//1804 402//402 1207//1207
f 2272//2272 1398//1398 891//891
f 1100//1100 1002//1002 804//804
f 1596//1596 1595//1595 2381//2381
f 208//208 420//420 1207//1207
f 402//402 208//208 1207//1207
f 1455//1455 1935//1935 1925//1925
f 1176//1176 1059//1059 238//238
f 1150//1150 1040//1040 348//348
f 1957//1957 1537//1537 2051//2051
f 1124//1124 1189//1189 939//939
f 1804//1804 1207//1207 1823//1823
f 1381//1381 1300//1300 1109//1109
f 383//383 384//384 1182//1182
f 1085//1085 1086//1086 1141//1141
f 1040//1040 1046//1046 132//132
f 220//220 1495//1495 1188//1188
f 420//420 261//261 1207//1207
f 261//261 420//420 1065//1065
f 1055//1055 1133//1133 1101//1101
f 1054//1054 421//421 403//403
f 182//182 1109//1109 2//2
f 1181//1181 1207//1207 320//320
f 545//545 1570//1570 1561//1561
f 35//35 342//342 432//432
f 1024//1024 574//574 1141//1141
f 432//432 342//342 12//12
f 1489//1489 1081//1081 1547//1547
f 1181//1181 320//320 1805//1805
f 1516//1516 1683//1683 1507//1507
f 357//357 1117//1117 1047//1047
f 1561//1561 1570//1570 1555//1555
f 1090//1090 1196//1196 1206//1206
f 1047//1047 1203//1203 1051//1051
f 1165//1165 202//202 1121//1121
f 1099//1099 341//341 301//301
f 1174//1174 240//240 419//419
f 922//922 921//921 833//833
f 1121//1121 1080//1080 385//385
f 815//815 21//21 1183//1183
f 35//35 99//99 342//342
f 1083//1083 398//398 262//262
f 106//106 94//94 1317//1317
f 94//94 292//292 1317//1317
f 292//292 95//95 1317//1317
f 940//940 1039//1039 1033//1033
f 1300//1300 1306//1306 433//433
f 21//21 212//212 471//471
f 1120//1120 1131//1131 1037//1037
f 833//833 921//921 688//688
f 1117//1117 357//357 342//342
f 106//106 271//271 94//94
f 386//386 227//227 1375//1375
f 1130//1130 1044//1044 1053//1053
f 419//419 240//240 219//219
f 1255//1255 1244//1244 32//32
f 1557//1557 1081//1081 1489//1489
f 2062//2062 2120//2120 2109//2109
f 2034//2034 2110//2110 430//430
f 23//23 315//315 1111//1111
f 291//291 94//94 271//271
f 291//291 292//292 94//94
f 50//50 386//386 95//95
f 964//964 734//734 665//665
f 1616//1616 1585//1585 1611//1611
f 445//445 1084//1084 402//402
f 574//574 1085//1085 1141//1141
f 1654//1654 341//341 1653//1653
f 220//220 1188//1188 1640//1640
f 342//342 69//69 12//12
f 417//417 261//261 328//328
f 292//292 50//50 95//95
f 204//204 227//227 386//386
f 50//50 204//204 386//386
f 1276//1276 1471//1471 1311//1311
f 1206//1206 1196//1196 136//136
f 1033//1033 1055//1055 1042//1042
f 1037//1037 1044//1044 1130//1130
f 1180//1180 320//320 417//417
f 1121//1121 202//202 1080//1080
f 325//325 203//203 271//271
f 291//291 76//76 292//292
f 292//292 237//237 50//50
f 2159//2159 1696//1696 1767//1767
f 583//583 929//929 850//850
f 1584//1584 1585//1585 1616//1616
f 1495//1495 1490//1490 1188//1188
f 1557//1557 1489//1489 1660//1660
f 1078//1078 1069//1069 1494//1494
f 1972//1972 1992//1992 1971//1971
f 183//183 1226//1226 2000//2000
f 325//325 429//429 203//203
f 292//292 76//76 237//237
f 1152//1152 227//227 1143//1143
f 1488//1488 1412//1412 1489//1489
f 1638//1638 1646//1646 1653//1653
f 1947//1947 1869//1869 2468//2468
f 203//203 306//306 291//291
f 306//306 76//76 291//291
f 237//237 248//248 50//50
f 204//204 1143//1143 227//227
f 2395//2395 14//14 429//429
f 1502//1502 881//881 2500//2500
f 1//1 1090//1090 202//202
f 1652//1652 1653//1653 1099//1099
f 2117//2117 1863//1863 2496//2496
f 50//50 248//248 204//204
f 160//160 792//792 994//994
f 884//884 888//888 857//857
f 544//544 2117//2117 2496//2496
f 1090//1090 1206//1206 202//202
f 2463//2463 879//879 2492//2492
f 429//429 306//306 203//203
f 498//498 188//188 418//418
f 865//865 884//884 857//857
f 994//994 998//998 1014//1014
f 884//884 897//897 888//888
f 1795//1795 948//948 1802//1802
f 208//208 1035//1035 1071//1071
f 1065//1065 1//1 1066//1066
f 377//377 435//435 1377//1377
f 304//304 429//429 14//14
f 304//304 306//306 429//429
f 73//73 60//60 74//74
f 248//248 592//592 204//204
f 846//846 2264//2264 829//829
f 897//897 912//912 906//906
f 1004//1004 991//991 992//992
f 1422//1422 1421//1421 1233//1233
f 980//980 10//10 303//303
f 1058//1058 922//922 909//909
f 2436//2436 2449//2449 2418//2418
f 394//394 435//435 377//377
f 435//435 475//475 446//446
f 475//475 474//474 446//446
f 336//336 337//337 361//361
f 338//338 235//235 372//372
f 624//624 148//148 129//129
f 812//812 306//306 596//596
f 1726//1726 992//992 1019//1019
f 945//945 1514//1514 1511//1511
f 1069//1069 1627//1627 1628//1628
f 1812//1812 1823//1823 1181//1181
f 1165//1165 1121//1121 169//169
f 447//447 475//475 435//435
f 2487//2487 2458//2458 901//901
f 42//42 59//59 46//46
f 401//401 7//7 187//187
f 1010//1010 970//970 797//797
f 1513//1513 220//220 1640//1640
f 2474//2474 2491//2491 2462//2462
f 594//594 307//307 1014//1014
f 398//398 1513//1513 1640//1640
f 307//307 594//594 1026//1026
f 545//545 2381//2381 1570//1570
f 403//403 421//421 238//238
f 445//445 402//402 127//127
f 1611//1611 1631//1631 1616//1616
f 1805//1805 1180//1180 1148//1148
f 394//394 447//447 435//435
f 2341//2341 2413//2413 2376//2376
f 75//75 74//74 60//60
f 541//541 47//47 42//42
f 47//47 59//59 42//42
f 541//541 42//42 28//28
f 917//917 931//931 1103//1103
f 897//897 906//906 883//883
f 2484//2484 2068//2068 779//779
f 888//888 883//883 857//857
f 261//261 1065//1065 328//328
f 363//363 1307//1307 349//349
f 377//377 363//363 394//394
f 444//444 747//747 464//464
f 323//323 338//338 362//362
f 92//92 116//116 74//74
f 592//592 634//634 97//97
f 982//982 1027//1027 1004//1004
f 1020//1020 982//982 1004//1004
f 1084//1084 1054//1054 1035//1035
f 208//208 402//402 1084//1084
f 421//421 1119//1119 1176//1176
f 1207//1207 1181//1181 1823//1823
f 1179//1179 1187//1187 1160//1160
f 263//263 296//296 1343//1343
f 1298//1298 296//296 1307//1307
f 1307//1307 296//296 349//349
f 405//405 363//363 349//349
f 405//405 394//394 363//363
f 405//405 447//447 394//394
f 362//362 372//372 384//384
f 338//338 372//372 362//362
f 983//983 1004//1004 987//987
f 122//122 134//134 139//139
f 415//415 440//440 414//414
f 75//75 92//92 74//74
f 226//226 186//186 246//246
f 796//796 787//787 700//700
f 1119//1119 1059//1059 1176//1176
f 122//122 114//114 91//91
f 624//624 129//129 116//116
f 641//641 558//558 631//631
f 1311//1311 1318//1318 1487//1487
f 100//100 1162//1162 1170//1170
f 1653//1653 341//341 1099//1099
f 1316//1316 1983//1983 273//273
f 263//263 277//277 296//296
f 296//296 358//358 349//349
f 436//436 447//447 405//405
f 109//109 554//554 570//570
f 504//504 1385//1385 2501//2501
f 115//115 122//122 91//91
f 2068//2068 2460//2460 779//779
f 43//43 777//777 163//163
f 378//378 405//405 349//349
f 358//358 378//378 349//349
f 448//448 447//447 436//436
f 448//448 476//476 447//447
f 78//78 77//77 108//108
f 75//75 60//60 47//47
f 1764//1764 2481//2481 1795//1795
f 717//717 714//714 1512//1512
f 1490//1490 717//717 1501//1501
f 238//238 1126//1126 168//168
f 1878//1878 1866//1866 826//826
f 2025//2025 2360//2360 2367//2367
f 251//251 278//278 263//263
f 278//278 277//277 263//263
f 277//277 318//318 296//296
f 296//296 318//318 358//358
f 318//318 350//350 358//358
f 378//378 436//436 405//405
f 384//384 372//372 1182//1182
f 454//454 440//440 415//415
f 987//987 1004//1004 992//992
f 493//493 476//476 448//448
f 323//323 788//788 338//338
f 403//403 238//238 136//136
f 1565//1565 1503//1503 1474//1474
f 297//297 277//277 278//278
f 297//297 318//318 277//277
f 358//358 350//350 378//378
f 378//378 388//388 436//436
f 476//476 493//493 500//500
f 73//73 105//105 60//60
f 323//323 337//337 312//312
f 953//953 1573//1573 2358//2358
f 142//142 161//161 119//119
f 454//454 443//443 440//440
f 1862//1862 1871//1871 1405//1405
f 297//297 319//319 318//318
f 560//560 47//47 541//541
f 170//170 1323//1323 111//111
f 357//357 1047//1047 1050//1050
f 1119//1119 98//98 1059//1059
f 1838//1838 1877//1877 1900//1900
f 2359//2359 230//230 251//251
f 350//350 364//364 378//378
f 449//449 448//448 436//436
f 449//449 493//493 448//448
f 185//185 186//186 226//226
f 443//443 469//469 479//479
f 874//874 165//165 2480//2480
f 463//463 444//444 464//464
f 64//64 105//105 91//91
f 1182//1182 440//440 1129//1129
f 1958//1958 1651//1651 2502//2502
f 1238//1238 2034//2034 191//191
f 251//251 279//279 278//278
f 278//278 279//279 297//297
f 364//364 388//388 378//378
f 483//483 493//493 449//449
f 134//134 148//148 139//139
f 244//244 268//268 259//259
f 910//910 942//942 930//930
f 105//105 115//115 91//91
f 24//24 30//30 18//18
f 1132//1132 487//487 1059//1059
f 1869//1869 1947//1947 2021//2021
f 2497//2497 2494//2494 2463//2463
f 2359//2359 2385//2385 230//230
f 230//230 280//280 251//251
f 251//251 280//280 279//279
f 279//279 308//308 297//297
f 297//297 308//308 319//319
f 319//319 364//364 318//318
f 364//364 350//350 318//318
f 388//388 395//395 436//436
f 436//436 395//395 449//449
f 493//493 472//472 500//500
f 122//122 129//129 134//134
f 125//125 142//142 124//124
f 373//373 400//400 393//393
f 24//24 557//557 30//30
f 2264//2264 2278//2278 2251//2251
f 1261//1261 30//30 1269//1269
f 1730//1730 1862//1862 1877//1877
f 252//252 280//280 230//230
f 343//343 364//364 319//319
f 364//364 343//343 388//388
f 63//63 64//64 91//91
f 399//399 393//393 416//416
f 416//416 444//444 463//463
f 162//162 189//189 142//142
f 768//768 373//373 326//326
f 189//189 661//661 177//177
f 189//189 199//199 661//661
f 847//847 887//887 864//864
f 533//533 747//747 444//444
f 1744//1744 1022//1022 1418//1418
f 1170//1170 524//524 729//729
f 121//121 1342//1342 128//128
f 1236//1236 1244//1244 26//26
f 280//280 281//281 279//279
f 281//281 308//308 279//279
f 343//343 319//319 308//308
f 343//343 365//365 388//388
f 388//388 365//365 395//395
f 365//365 406//406 395//395
f 406//406 449//449 395//395
f 483//483 477//477 493//493
f 477//477 491//491 472//472
f 493//493 477//477 472//472
f 78//78 109//109 77//77
f 166//166 174//174 196//196
f 481//481 150//150 814//814
f 63//63 59//59 64//64
f 326//326 373//373 393//393
f 643//643 260//260 43//43
f 230//230 253//253 252//252
f 449//449 441//441 483//483
f 441//441 477//477 483//483
f 415//415 416//416 463//463
f 226//226 246//246 245//245
f 464//464 470//470 454//454
f 323//323 362//362 337//337
f 52//52 37//37 1283//1283
f 253//253 281//281 252//252
f 281//281 280//280 252//252
f 309//309 308//308 281//281
f 330//330 343//343 308//308
f 366//366 365//365 343//343
f 441//441 449//449 406//406
f 464//464 814//814 15//15
f 883//883 906//906 887//887
f 337//337 362//362 371//371
f 479//479 498//498 290//290
f 247//247 746//746 1003//1003
f 25//25 37//37 557//557
f 640//640 930//930 669//669
f 2486//2486 2499//2499 2459//2459
f 309//309 330//330 308//308
f 343//343 330//330 366//366
f 441//441 437//437 477//477
f 290//290 498//498 418//418
f 124//124 119//119 108//108
f 77//77 124//124 108//108
f 589//589 125//125 109//109
f 570//570 589//589 109//109
f 125//125 162//162 142//142
f 1045//1045 433//433 1034//1034
f 1207//1207 261//261 320//320
f 2004//2004 2474//2474 2495//2495
f 1215//1215 1228//1228 2285//2285
f 365//365 396//396 406//406
f 396//396 422//422 406//406
f 422//422 437//437 441//441
f 406//406 422//422 441//441
f 59//59 47//47 60//60
f 51//51 78//78 66//66
f 361//361 371//371 383//383
f 196//196 215//215 214//214
f 463//463 454//454 415//415
f 27//27 41//41 535//535
f 53//53 1283//1283 37//37
f 84//84 1299//1299 1283//1283
f 1805//1805 320//320 1180//1180
f 254//254 253//253 222//222
f 254//254 281//281 253//253
f 309//309 366//366 330//330
f 396//396 365//365 366//366
f 456//456 477//477 437//437
f 484//484 491//491 477//477
f 2480//2480 2485//2485 2493//2493
f 418//418 188//188 187//187
f 53//53 85//85 1283//1283
f 85//85 84//84 1283//1283
f 420//420 1071//1071 1065//1065
f 264//264 281//281 254//254
f 298//298 309//309 281//281
f 368//368 366//366 367//367
f 368//368 396//396 366//366
f 1639//1639 1564//1564 1139//1139
f 560//560 48//48 47//47
f 82//82 471//471 212//212
f 25//25 38//38 37//37
f 202//202 1206//1206 1080//1080
f 264//264 298//298 281//281
f 298//298 331//331 309//309
f 309//309 331//331 366//366
f 331//331 367//367 366//366
f 396//396 368//368 422//422
f 422//422 456//456 437//437
f 491//491 1192//1192 313//313
f 1699//1699 2064//2064 1710//1710
f 462//462 443//443 479//479
f 371//371 362//362 384//384
f 2502//2502 2476//2476 2464//2464
f 371//371 384//384 383//383
f 21//21 732//732 212//212
f 1571//1571 1629//1629 1627//1627
f 38//38 39//39 53//53
f 37//37 38//38 53//53
f 39//39 85//85 53//53
f 1173//1173 1184//1184 404//404
f 1006//1006 2142//2142 1674//1674
f 201//201 255//255 254//254
f 255//255 264//264 254//254
f 368//368 407//407 422//422
f 450//450 456//456 422//422
f 450//450 484//484 456//456
f 456//456 484//484 477//477
f 314//314 1192//1192 491//491
f 2027//2027 2501//2501 2489//2489
f 2475//2475 2471//2471 2488//2488
f 551//551 492//492 732//732
f 464//464 481//481 814//814
f 1081//1081 1494//1494 1547//1547
f 201//201 231//231 255//255
f 407//407 450//450 422//422
f 484//484 494//494 491//491
f 494//494 327//327 491//491
f 327//327 314//314 491//491
f 876//876 797//797 995//995
f 847//847 856//856 829//829
f 125//125 143//143 162//162
f 134//134 129//129 148//148
f 1564//1564 1571//1571 1627//1627
f 417//417 320//320 261//261
f 328//328 1065//1065 1066//1066
f 170//170 156//156 201//201
f 156//156 231//231 201//201
f 231//231 282//282 255//255
f 282//282 264//264 255//255
f 450//450 485//485 484//484
f 484//484 485//485 494//494
f 2463//2463 2486//2486 2479//2479
f 159//159 185//185 167//167
f 492//492 68//68 212//212
f 732//732 492//492 212//212
f 68//68 82//82 212//212
f 1311//1311 1471//1471 1296//1296
f 101//101 156//156 111//111
f 332//332 264//264 282//282
f 332//332 298//298 264//264
f 332//332 331//331 298//298
f 331//331 332//332 367//367
f 407//407 423//423 450//450
f 450//450 423//423 485//485
f 804//804 1002//1002 1443//1443
f 2484//2484 779//779 946//946
f 689//689 443//443 462//462
f 440//440 689//689 1129//1129
f 166//166 167//167 174//174
f 38//38 31//31 39//39
f 112//112 145//145 101//101
f 101//101 145//145 156//156
f 156//156 256//256 231//231
f 332//332 423//423 368//368
f 367//367 332//332 368//368
f 368//368 423//423 407//407
f 946//946 779//779 920//920
f 1432//1432 1261//1261 1449//1449
f 461//461 478//478 453//453
f 464//464 15//15 470//470
f 31//31 54//54 39//39
f 39//39 54//54 85//85
f 86//86 101//101 85//85
f 145//145 210//210 156//156
f 282//282 283//283 332//332
f 283//283 369//369 332//332
f 369//369 423//423 332//332
f 423//423 408//408 485//485
f 854//854 876//876 965//965
f 78//78 108//108 66//66
f 440//440 443//443 689//689
f 374//374 2465//2465 961//961
f 929//929 519//519 979//979
f 54//54 86//86 85//85
f 156//156 241//241 256//256
f 256//256 282//282 231//231
f 256//256 283//283 282//282
f 389//389 423//423 369//369
f 389//389 408//408 423//423
f 408//408 457//457 485//485
f 457//457 49//49 485//485
f 485//485 49//49 494//494
f 494//494 135//135 327//327
f 175//175 83//83 314//314
f 1167//1167 1140//1140 1483//1483
f 196//196 174//174 215//215
f 697//697 16//16 68//68
f 1038//1038 82//82 16//16
f 140//140 117//117 141//141
f 1654//1654 1653//1653 1646//1646
f 1234//1234 54//54 31//31
f 86//86 112//112 101//101
f 210//210 241//241 156//156
f 923//923 917//917 911//911
f 697//697 34//34 16//16
f 145//145 193//193 210//210
f 256//256 265//265 283//283
f 265//265 310//310 283//283
f 283//283 310//310 369//369
f 310//310 344//344 369//369
f 344//344 370//370 369//369
f 370//370 389//389 369//369
f 409//409 408//408 389//389
f 409//409 466//466 408//408
f 466//466 457//457 408//408
f 466//466 49//49 457//457
f 49//49 135//135 494//494
f 174//174 225//225 215//215
f 1014//1014 766//766 602//602
f 826//826 2220//2220 2215//2215
f 1078//1078 1494//1494 1081//1081
f 1273//1273 70//70 86//86
f 120//120 112//112 86//86
f 146//146 145//145 112//112
f 146//146 193//193 145//145
f 265//265 256//256 241//241
f 223//223 265//265 241//241
f 486//486 49//49 466//466
f 175//175 327//327 135//135
f 105//105 122//122 115//115
f 480//480 15//15 681//681
f 225//225 234//234 215//215
f 731//731 34//34 697//697
f 86//86 54//54 1273//1273
f 70//70 120//120 86//86
f 193//193 241//241 210//210
f 299//299 310//310 265//265
f 310//310 333//333 344//344
f 344//344 351//351 370//370
f 424//424 466//466 409//409
f 135//135 49//49 175//175
f 214//214 215//215 234//234
f 48//48 75//75 47//47
f 34//34 9//9 1038//1038
f 16//16 34//34 1038//1038
f 203//203 291//291 271//271
f 9//9 558//558 754//754
f 1195//1195 397//397 1120//1120
f 120//120 146//146 112//112
f 146//146 194//194 193//193
f 266//266 265//265 223//223
f 266//266 299//299 265//265
f 299//299 333//333 310//310
f 333//333 351//351 344//344
f 382//382 383//383 392//392
f 399//399 416//416 415//415
f 266//266 333//333 299//299
f 351//351 352//352 370//370
f 424//424 486//486 466//466
f 487//487 175//175 49//49
f 7//7 117//117 187//187
f 1182//1182 414//414 440//440
f 41//41 42//42 46//46
f 290//290 289//289 497//497
f 2502//2502 2464//2464 2473//2473
f 372//372 399//399 414//414
f 1570//1570 1585//1585 1584//1584
f 1066//1066 1//1 1165//1165
f 1//1 202//202 1165//1165
f 120//120 70//70 102//102
f 157//157 146//146 120//120
f 194//194 223//223 193//193
f 223//223 241//241 193//193
f 352//352 379//379 370//370
f 370//370 379//379 389//389
f 410//410 409//409 389//389
f 2478//2478 1409//1409 1958//1958
f 806//806 945//945 1002//1002
f 157//157 194//194 146//146
f 267//267 266//266 223//223
f 267//267 333//333 266//266
f 379//379 410//410 389//389
f 410//410 438//438 409//409
f 438//438 424//424 409//409
f 190//190 205//205 143//143
f 337//337 371//371 361//361
f 2215//2215 830//830 826//826
f 1631//1631 1646//1646 1638//1638
f 102//102 157//157 120//120
f 157//157 195//195 194//194
f 195//195 223//223 194//194
f 195//195 211//211 223//223
f 223//223 211//211 267//267
f 267//267 300//300 333//333
f 300//300 334//334 351//351
f 333//333 300//300 351//351
f 351//351 334//334 352//352
f 410//410 411//411 438//438
f 438//438 486//486 424//424
f 487//487 49//49 486//486
f 875//875 594//594 989//989
f 108//108 581//581 66//66
f 225//225 245//245 244//244
f 312//312 336//336 335//335
f 151//151 754//754 107//107
f 274//274 1386//1386 300//300
f 352//352 334//334 379//379
f 923//923 1729//1729 1096//1096
f 244//244 245//245 268//268
f 463//463 464//464 454//454
f 414//414 399//399 415//415
f 15//15 480//480 470//470
f 1647//1647 1069//1069 1078//1078
f 909//909 922//922 833//833
f 387//387 417//417 328//328
f 133//133 157//157 102//102
f 1314//1314 133//133 102//102
f 133//133 195//195 157//157
f 1148//1148 1179//1179 1160//1160
f 1046//1046 1167//1167 182//182
f 379//379 411//411 410//410
f 792//792 339//339 229//229
f 391//391 7//7 668//668
f 185//185 226//226 174//174
f 461//461 290//290 497//497
f 2027//2027 504//504 2501//2501
f 1196//1196 1054//1054 403//403
f 728//728 1019//1019 752//752
f 2459//2459 2483//2483 2461//2461
f 1291//1291 1264//1264 55//55
f 133//133 1356//1356 195//195
f 195//195 1356//1356 211//211
f 412//412 438//438 411//411
f 4//4 486//486 438//438
f 458//458 4//4 438//438
f 4//4 487//487 486//486
f 1720//1720 1572//1572 1771//1771
f 245//245 275//275 268//268
f 1869//1869 2021//2021 2059//2059
f 235//235 399//399 372//372
f 64//64 60//60 105//105
f 836//836 2492//2492 879//879
f 1315//1315 133//133 1314//1314
f 1331//1331 1382//1382 1356//1356
f 1310//1310 926//926 1128//1128
f 7//7 1121//1121 117//117
f 119//119 161//161 611//611
f 380//380 379//379 334//334
f 379//379 380//380 411//411
f 467//467 4//4 458//458
f 495//495 487//487 4//4
f 495//495 1126//1126 487//487
f 416//416 400//400 533//533
f 479//479 469//469 498//498
f 74//74 116//116 73//73
f 478//478 461//461 497//497
f 393//393 400//400 416//416
f 61//61 1291//1291 55//55
f 505//505 1999//1999 2474//2474
f 1999//1999 2491//2491 2474//2474
f 199//199 189//189 36//36
f 1164//1164 1165//1165 169//169
f 1179//1179 387//387 249//249
f 390//390 411//411 380//380
f 411//411 390//390 412//412
f 458//458 438//438 412//412
f 495//495 168//168 1126//1126
f 480//480 469//469 470//470
f 116//116 122//122 105//105
f 418//418 187//187 140//140
f 185//185 174//174 167//167
f 166//166 148//148 167//167
f 470//470 469//469 443//443
f 40//40 55//55 32//32
f 61//61 71//71 1291//1291
f 71//71 103//103 1291//1291
f 1184//1184 1173//1173 1154//1154
f 634//634 514//514 97//97
f 425//425 458//458 412//412
f 917//917 923//923 931//931
f 2472//2472 2489//2489 853//853
f 754//754 641//641 567//567
f 44//44 567//567 1163//1163
f 454//454 470//470 443//443
f 40//40 32//32 1249//1249
f 33//33 40//40 1249//1249
f 56//56 55//55 40//40
f 56//56 61//61 55//55
f 451//451 1265//1265 439//439
f 1180//1180 417//417 1179//1179
f 1099//1099 301//301 1077//1077
f 1189//1189 1058//1058 939//939
f 1059//1059 221//221 1132//1132
f 598//598 1074//1074 1075//1075
f 412//412 426//426 425//425
f 650//650 186//186 185//185
f 234//234 244//244 259//259
f 226//226 245//245 225//225
f 1033//1033 1042//1042 1030//1030
f 2492//2492 836//836 247//247
f 7//7 169//169 1121//1121
f 1462//1462 1322//1322 1482//1482
f 425//425 467//467 458//458
f 496//496 4//4 467//467
f 1751//1751 2468//2468 2480//2480
f 290//290 418//418 140//140
f 326//326 789//789 762//762
f 142//142 177//177 161//161
f 165//165 1751//1751 2480//2480
f 87//87 103//103 71//71
f 103//103 87//87 104//104
f 1180//1180 1179//1179 1148//1148
f 417//417 387//387 1179//1179
f 2081//2081 2060//2060 2031//2031
f 1154//1154 1173//1173 1141//1141
f 181//181 131//131 197//197
f 442//442 425//425 426//426
f 614//614 144//144 143//143
f 876//876 1010//1010 797//797
f 40//40 45//45 56//56
f 56//56 45//45 61//61
f 87//87 71//71 61//61
f 1563//1563 1437//1437 1590//1590
f 1121//1121 385//385 117//117
f 1148//1148 1160//1160 1137//1137
f 1449//1449 1459//1459 1439//1439
f 1028//1028 2462//2462 929//929
f 442//442 459//459 425//425
f 459//459 467//467 425//425
f 168//168 495//495 4//4
f 496//496 168//168 4//4
f 1763//1763 1403//1403 1444//1444
f 140//140 187//187 117//117
f 244//244 234//234 225//225
f 246//246 740//740 269//269
f 372//372 414//414 1182//1182
f 40//40 547//547 45//45
f 45//45 62//62 61//61
f 62//62 87//87 61//61
f 87//87 88//88 104//104
f 1084//1084 517//517 1054//1054
f 387//387 328//328 1064//1064
f 2467//2467 2497//2497 2485//2485
f 286//286 1363//1363 302//302
f 205//205 189//189 162//162
f 290//290 140//140 289//289
f 214//214 234//234 224//224
f 393//393 399//399 809//809
f 315//315 1131//1131 397//397
f 302//302 321//321 353//353
f 1164//1164 169//169 391//391
f 427//427 459//459 442//442
f 217//217 496//496 467//467
f 217//217 168//168 496//496
f 978//978 969//969 2074//2074
f 361//361 383//383 382//382
f 269//269 276//276 245//245
f 1440//1440 11//11 305//305
f 62//62 88//88 87//87
f 328//328 1066//1066 1064//1064
f 1066//1066 1165//1165 1164//1164
f 242//242 287//287 302//302
f 1363//1363 242//242 302//302
f 287//287 321//321 302//302
f 1179//1179 249//249 1187//1187
f 983//983 1020//1020 1004//1004
f 464//464 747//747 481//481
f 788//788 323//323 276//276
f 269//269 245//245 246//246
f 88//88 89//89 1325//1325
f 171//171 172//172 242//242
f 360//360 353//353 321//321
f 360//360 1354//1354 353//353
f 1057//1057 1064//1064 1164//1164
f 2184//2184 2188//2188 2183//2183
f 460//460 459//459 451//451
f 460//460 467//467 459//459
f 149//149 168//168 217//217
f 149//149 136//136 168//168
f 116//116 129//129 122//122
f 109//109 124//124 77//77
f 159//159 167//167 148//148
f 28//28 42//42 41//41
f 57//57 88//88 62//62
f 45//45 57//57 62//62
f 1336//1336 1325//1325 89//89
f 89//89 72//72 1336//1336
f 147//147 172//172 171//171
f 172//172 258//258 242//242
f 258//258 257//257 242//242
f 257//257 287//287 242//242
f 257//257 321//321 287//287
f 345//345 360//360 321//321
f 360//360 381//381 1354//1354
f 1069//1069 938//938 1655//1655
f 387//387 473//473 249//249
f 270//270 217//217 467//467
f 130//130 136//136 149//149
f 851//851 847//847 829//829
f 983//983 987//987 975//975
f 189//189 177//177 142//142
f 88//88 72//72 89//89
f 184//184 258//258 172//172
f 257//257 288//288 321//321
f 1265//1265 451//451 459//459
f 270//270 149//149 217//217
f 226//226 225//225 174//174
f 27//27 28//28 41//41
f 109//109 125//125 124//124
f 547//547 57//57 45//45
f 57//57 58//58 88//88
f 88//88 58//58 72//72
f 2476//2476 2484//2484 2458//2458
f 147//147 184//184 172//172
f 184//184 213//213 258//258
f 258//258 243//243 257//257
f 243//243 288//288 257//257
f 345//345 321//321 288//288
f 391//391 169//169 7//7
f 468//468 460//460 451//451
f 468//468 488//488 460//460
f 270//270 467//467 460//460
f 488//488 270//270 460//460
f 1206//1206 136//136 130//130
f 481//481 793//793 150//150
f 143//143 205//205 162//162
f 142//142 119//119 124//124
f 58//58 90//90 72//72
f 90//90 128//128 72//72
f 147//147 173//173 184//184
f 173//173 213//213 184//184
f 213//213 233//233 258//258
f 258//258 233//233 243//243
f 354//354 360//360 345//345
f 354//354 381//381 360//360
f 1026//1026 991//991 307//307
f 268//268 312//312 259//259
f 1206//1206 130//130 1080//1080
f 116//116 105//105 73//73
f 139//139 148//148 166//166
f 275//275 312//312 268//268
f 188//188 401//401 187//187
f 2479//2479 2459//2459 2461//2461
f 58//58 63//63 90//90
f 1064//1064 1066//1066 1164//1164
f 1064//1064 473//473 387//387
f 288//288 311//311 345//345
f 311//311 354//354 345//345
f 996//996 994//994 307//307
f 452//452 468//468 439//439
f 452//452 478//478 468//468
f 478//478 488//488 468//468
f 141//141 130//130 149//149
f 1564//1564 1639//1639 1563//1563
f 547//547 41//41 57//57
f 2081//2081 2107//2107 2060//2060
f 382//382 381//381 354//354
f 497//497 270//270 488//488
f 289//289 149//149 270//270
f 289//289 141//141 149//149
f 114//114 122//122 139//139
f 59//59 60//60 64//64
f 275//275 323//323 312//312
f 401//401 668//668 7//7
f 41//41 46//46 57//57
f 57//57 46//46 58//58
f 1459//1459 1345//1345 1269//1269
f 1342//1342 121//121 158//158
f 166//166 173//173 158//158
f 213//213 224//224 233//233
f 233//233 259//259 243//243
f 243//243 322//322 288//288
f 322//322 311//311 288//288
f 453//453 478//478 452//452
f 497//497 289//289 270//270
f 912//912 911//911 906//906
f 276//276 323//323 275//275
f 276//276 275//275 245//245
f 46//46 63//63 58//58
f 90//90 121//121 128//128
f 173//173 214//214 213//213
f 213//213 214//214 224//224
f 259//259 322//322 243//243
f 336//336 311//311 322//322
f 336//336 354//354 311//311
f 361//361 382//382 354//354
f 1043//1043 439//439 1290//1290
f 497//497 488//488 478//478
f 385//385 130//130 141//141
f 385//385 1080//1080 130//130
f 144//144 190//190 143//143
f 535//535 41//41 547//547
f 121//121 166//166 158//158
f 335//335 336//336 322//322
f 354//354 336//336 361//361
f 2004//2004 2481//2481 1764//1764
f 698//698 439//439 1043//1043
f 289//289 140//140 141//141
f 923//923 1096//1096 931//931
f 650//650 185//185 159//159
f 46//46 59//59 63//63
f 63//63 91//91 90//90
f 90//90 114//114 121//121
f 121//121 139//139 166//166
f 173//173 196//196 214//214
f 259//259 335//335 322//322
f 2478//2478 2502//2502 2434//2434
f 312//312 337//337 336//336
f 90//90 91//91 114//114
f 114//114 139//139 121//121
f 166//166 196//196 173//173
f 224//224 234//234 233//233
f 234//234 259//259 233//233
f 259//259 312//312 335//335
f 1124//1124 916//916 1189//1189
f 542//542 541//541 530//530
f 462//462 479//479 290//290
f 269//269 783//783 276//276
f 813//813 567//567 641//641
f 276//276 783//783 788//788
f 82//82 1038//1038 1333//1333
f 816//816 701//701 703//703
f 672//672 137//137 603//603
f 625//625 635//635 624//624
f 2457//2457 2439//2439 1973//1973
f 767//767 533//533 529//529
f 2468//2468 1869//1869 2480//2480
f 662//662 190//190 639//639
f 711//711 720//720 719//719
f 630//630 639//639 614//614
f 161//161 654//654 638//638
f 781//781 991//991 982//982
f 1227//1227 31//31 516//516
f 648//648 639//639 630//630
f 630//630 614//614 590//590
f 2098//2098 544//544 1899//1899
f 578//578 579//579 586//586
f 697//697 492//492 551//551
f 529//529 533//533 400//400
f 869//869 859//859 870//870
f 1732//1732 924//924 914//914
f 1004//1004 1027//1027 991//991
f 801//801 591//591 603//603
f 636//636 676//676 651//651
f 876//876 949//949 965//965
f 2207//2207 1789//1789 1859//1859
f 76//76 739//739 237//237
f 188//188 681//681 15//15
f 578//578 604//604 599//599
f 797//797 616//616 995//995
f 510//510 2035//2035 1365//1365
f 76//76 812//812 617//617
f 617//617 739//739 76//76
f 1468//1468 93//93 1765//1765
f 596//596 546//546 812//812
f 1457//1457 1305//1305 1477//1477
f 760//760 197//197 150//150
f 671//671 773//773 765//765
f 586//586 609//609 604//604
f 591//591 700//700 632//632
f 476//476 2312//2312 474//474
f 2084//2084 2027//2027 2489//2489
f 582//582 590//590 571//571
f 1555//1555 2449//2449 1996//1996
f 674//674 546//546 596//596
f 812//812 655//655 617//617
f 161//161 177//177 661//661
f 599//599 604//604 636//636
f 700//700 787//787 576//576
f 776//776 675//675 572//572
f 776//776 674//674 675//675
f 617//617 634//634 739//739
f 591//591 632//632 649//649
f 612//612 546//546 674//674
f 617//617 655//655 634//634
f 728//728 752//752 706//706
f 571//571 2311//2311 2305//2305
f 775//775 674//674 776//776
f 775//775 612//612 674//674
f 612//612 628//628 546//546
f 546//546 628//628 812//812
f 812//812 628//628 655//655
f 620//620 630//630 615//615
f 620//620 648//648 630//630
f 667//667 653//653 646//646
f 810//810 782//782 785//785
f 150//150 197//197 814//814
f 534//534 1517//1517 2000//2000
f 702//702 572//572 2378//2378
f 748//748 776//776 572//572
f 655//655 613//613 634//634
f 911//911 917//917 905//905
f 648//648 679//679 662//662
f 727//727 771//771 713//713
f 750//750 807//807 799//799
f 639//639 190//190 144//144
f 662//662 679//679 200//200
f 702//702 748//748 572//572
f 775//775 776//776 748//748
f 628//628 718//718 655//655
f 626//626 658//658 645//645
f 791//791 778//778 790//790
f 612//612 811//811 628//628
f 613//613 514//514 634//634
f 1380//1380 1756//1756 1673//1673
f 570//570 590//590 614//614
f 720//720 741//741 719//719
f 1074//1074 795//795 835//835
f 614//614 639//639 144//144
f 612//612 775//775 811//811
f 718//718 735//735 655//655
f 655//655 735//735 613//613
f 798//798 338//338 788//788
f 636//636 652//652 676//676
f 571//571 590//590 555//555
f 528//528 730//730 687//687
f 690//690 702//702 2312//2312
f 476//476 690//690 2312//2312
f 811//811 718//718 628//628
f 721//721 778//778 727//727
f 748//748 702//702 690//690
f 735//735 686//686 613//613
f 1517//1517 2002//2002 2127//2127
f 654//654 685//685 667//667
f 569//569 588//588 606//606
f 513//513 531//531 538//538
f 538//538 549//549 548//548
f 549//549 553//553 548//548
f 550//550 588//588 549//549
f 1903//1903 869//869 870//870
f 691//691 775//775 748//748
f 691//691 600//600 775//775
f 600//600 811//811 775//775
f 811//811 563//563 718//718
f 563//563 736//736 718//718
f 718//718 736//736 735//735
f 736//736 647//647 735//735
f 735//735 647//647 686//686
f 686//686 745//745 613//613
f 745//745 514//514 613//613
f 569//569 606//606 605//605
f 654//654 667//667 638//638
f 851//851 857//857 847//847
f 588//588 569//569 549//549
f 690//690 691//691 748//748
f 680//680 514//514 745//745
f 2127//2127 2002//2002 2094//2094
f 747//747 701//701 481//481
f 400//400 373//373 529//529
f 600//600 536//536 811//811
f 536//536 563//563 811//811
f 1306//1306 227//227 1152//1152
f 522//522 24//24 18//18
f 523//523 24//24 522//522
f 865//865 857//857 851//851
f 2031//2031 2060//2060 1540//1540
f 767//767 701//701 747//747
f 618//618 652//652 609//609
f 652//652 636//636 609//609
f 573//573 22//22 710//710
f 642//642 699//699 730//730
f 1522//1522 1518//1518 2476//2476
f 500//500 629//629 691//691
f 690//690 500//500 691//691
f 691//691 629//629 600//600
f 780//780 644//644 641//641
f 579//579 578//578 561//561
f 131//131 668//668 197//197
f 197//197 668//668 814//814
f 789//789 809//809 798//798
f 622//622 760//760 150//150
f 621//621 563//563 536//536
f 673//673 745//745 686//686
f 673//673 818//818 745//745
f 818//818 680//680 745//745
f 680//680 96//96 514//514
f 2495//2495 2462//2462 1028//1028
f 1028//1028 583//583 575//575
f 663//663 794//794 664//664
f 629//629 761//761 600//600
f 761//761 757//757 600//600
f 600//600 757//757 536//536
f 621//621 696//696 563//563
f 755//755 736//736 563//563
f 696//696 755//755 563//563
f 633//633 736//736 755//755
f 633//633 647//647 736//736
f 623//623 686//686 647//647
f 633//633 623//623 647//647
f 686//686 623//623 673//673
f 819//819 680//680 818//818
f 680//680 819//819 96//96
f 1729//1729 1677//1677 1096//1096
f 2482//2482 1899//1899 2471//2471
f 537//537 536//536 757//757
f 536//536 537//537 621//621
f 673//673 819//819 818//818
f 2428//2428 222//222 230//230
f 25//25 24//24 523//523
f 25//25 557//557 24//24
f 38//38 25//25 19//19
f 710//710 22//22 272//272
f 663//663 759//759 794//794
f 1120//1120 878//878 1195//1195
f 537//537 696//696 621//621
f 696//696 633//633 755//755
f 822//822 2215//2215 2220//2220
f 97//97 96//96 1053//1053
f 750//750 784//784 743//743
f 887//887 905//905 864//864
f 768//768 784//784 373//373
f 512//512 513//513 548//548
f 573//573 664//664 22//22
f 696//696 715//715 633//633
f 673//673 521//521 819//819
f 2454//2454 2453//2453 2445//2445
f 883//883 887//887 847//847
f 306//306 812//812 76//76
f 642//642 528//528 759//759
f 798//798 809//809 235//235
f 994//994 792//792 998//998
f 587//587 626//626 586//586
f 1900//1900 1918//1918 1937//1937
f 645//645 652//652 618//618
f 537//537 786//786 696//696
f 521//521 593//593 819//819
f 515//515 19//19 523//523
f 741//741 749//749 719//719
f 789//789 326//326 809//809
f 539//539 581//581 550//550
f 657//657 777//777 723//723
f 684//684 713//713 660//660
f 692//692 712//712 720//720
f 652//652 666//666 692//692
f 507//507 761//761 629//629
f 472//472 507//507 629//629
f 507//507 757//757 761//761
f 623//623 633//633 673//673
f 724//724 521//521 673//673
f 515//515 516//516 19//19
f 304//304 675//675 674//674
f 178//178 778//778 721//721
f 947//947 1447//1447 2358//2358
f 626//626 645//645 618//618
f 586//586 626//626 618//618
f 784//784 768//768 742//742
f 753//753 537//537 757//757
f 537//537 753//753 786//786
f 724//724 981//981 521//521
f 521//521 981//981 593//593
f 979//979 559//559 850//850
f 637//637 660//660 677//677
f 787//787 631//631 576//576
f 141//141 117//117 385//385
f 809//809 399//399 235//235
f 641//641 754//754 558//558
f 542//542 553//553 561//561
f 742//742 768//768 762//762
f 444//444 416//416 533//533
f 528//528 687//687 796//796
f 813//813 598//598 566//566
f 1490//1490 1501//1501 1557//1557
f 753//753 757//757 507//507
f 786//786 715//715 696//696
f 633//633 724//724 673//673
f 2090//2090 2062//2062 2109//2109
f 646//646 653//653 660//660
f 660//660 694//694 683//683
f 677//677 660//660 683//683
f 1872//1872 839//839 838//838
f 1224//1224 18//18 30//30
f 326//326 393//393 809//809
f 799//799 529//529 373//373
f 313//313 507//507 472//472
f 715//715 774//774 633//633
f 974//974 699//699 841//841
f 703//703 820//820 816//816
f 692//692 711//711 676//676
f 1014//1014 355//355 766//766
f 875//875 752//752 1019//1019
f 627//627 646//646 660//660
f 711//711 692//692 720//720
f 652//652 692//692 676//676
f 799//799 373//373 784//784
f 813//813 566//566 567//567
f 2462//2462 2482//2482 2475//2475
f 764//764 644//644 780//780
f 1479//1479 1924//1924 1916//1916
f 753//753 738//738 786//786
f 738//738 607//607 786//786
f 786//786 607//607 715//715
f 715//715 524//524 774//774
f 633//633 774//774 724//724
f 559//559 979//979 672//672
f 758//758 798//798 783//783
f 683//683 694//694 705//705
f 820//820 703//703 562//562
f 764//764 687//687 644//644
f 744//744 743//743 725//725
f 313//313 753//753 507//507
f 607//607 524//524 715//715
f 664//664 801//801 22//22
f 646//646 627//627 610//610
f 800//800 820//820 562//562
f 750//750 769//769 807//807
f 767//767 747//747 533//533
f 578//578 586//586 604//604
f 862//862 593//593 981//981
f 688//688 2382//2382 1083//1083
f 306//306 304//304 674//674
f 738//738 584//584 607//607
f 168//168 136//136 238//238
f 773//773 552//552 765//765
f 2473//2473 2464//2464 2458//2458
f 773//773 793//793 552//552
f 626//626 619//619 658//658
f 1007//1007 1139//1139 1013//1013
f 562//562 529//529 799//799
f 744//744 750//750 743//743
f 659//659 683//683 693//693
f 677//677 683//683 659//659
f 313//313 737//737 753//753
f 753//753 737//737 738//738
f 607//607 729//729 524//524
f 27//27 518//518 28//28
f 553//553 569//569 580//580
f 657//657 163//163 777//777
f 580//580 569//569 605//605
f 789//789 798//798 758//758
f 769//769 562//562 807//807
f 820//820 671//671 816//816
f 638//638 646//646 611//611
f 1074//1074 598//598 644//644
f 750//750 799//799 784//784
f 1931//1931 907//907 898//898
f 2483//2483 2487//2487 2461//2461
f 737//737 584//584 738//738
f 1439//1439 1438//1438 1431//1431
f 2098//2098 1213//1213 544//544
f 48//48 578//578 75//75
f 796//796 631//631 787//787
f 815//815 732//732 21//21
f 581//581 588//588 550//550
f 625//625 636//636 651//651
f 778//778 1011//1011 810//810
f 693//693 705//705 725//725
f 693//693 683//683 705//705
f 236//236 1921//1921 1966//1966
f 584//584 729//729 607//607
f 2237//2237 1866//1866 2227//2227
f 530//530 541//541 28//28
f 237//237 739//739 248//248
f 512//512 530//530 28//28
f 727//727 778//778 771//771
f 684//684 727//727 713//713
f 2237//2237 2220//2220 826//826
f 542//542 561//561 560//560
f 528//528 796//796 700//700
f 808//808 785//785 671//671
f 739//739 592//592 248//248
f 895//895 905//905 896//896
f 740//740 246//246 186//186
f 272//272 137//137 979//979
f 770//770 769//769 744//744
f 712//712 742//742 720//720
f 1213//1213 2026//2026 544//544
f 1888//1888 1235//1235 2438//2438
f 555//555 554//554 2311//2311
f 737//737 313//313 1192//1192
f 1585//1585 1612//1612 1611//1611
f 695//695 721//721 685//685
f 518//518 17//17 28//28
f 769//769 770//770 562//562
f 719//719 749//749 740//740
f 648//648 669//669 679//679
f 773//773 657//657 723//723
f 606//606 637//637 619//619
f 2072//2072 2062//2062 2042//2042
f 606//606 619//619 626//626
f 549//549 569//569 553//553
f 161//161 638//638 611//611
f 910//910 917//917 942//942
f 917//917 1103//1103 942//942
f 991//991 1026//1026 992//992
f 979//979 137//137 672//672
f 785//785 163//163 657//657
f 710//710 2488//2488 2472//2472
f 611//611 581//581 119//119
f 808//808 671//671 820//820
f 1820//1820 1900//1900 1870//1870
f 759//759 700//700 591//591
f 637//637 677//677 619//619
f 2494//2494 2490//2490 2463//2463
f 671//671 765//765 816//816
f 687//687 764//764 780//780
f 1019//1019 992//992 1026//1026
f 1726//1726 1719//1719 987//987
f 713//713 771//771 694//694
f 51//51 2355//2355 78//78
f 510//510 526//526 525//525
f 525//525 526//526 1249//1249
f 526//526 33//33 1249//1249
f 2311//2311 554//554 2335//2335
f 827//827 848//848 840//840
f 603//603 591//591 649//649
f 758//758 269//269 740//740
f 1595//1595 1612//1612 1586//1586
f 1694//1694 1048//1048 1699//1699
f 682//682 740//740 186//186
f 22//22 801//801 603//603
f 555//555 570//570 554//554
f 1053//1053 110//110 97//97
f 615//615 582//582 601//601
f 814//814 668//668 188//188
f 725//725 705//705 744//744
f 528//528 700//700 759//759
f 640//640 648//648 620//620
f 703//703 701//701 562//562
f 886//886 892//892 582//582
f 631//631 731//731 576//576
f 1087//1087 1835//1835 1747//1747
f 882//882 864//864 895//895
f 956//956 950//950 1103//1103
f 1502//1502 2500//2500 2470//2470
f 205//205 190//190 200//200
f 815//815 878//878 616//616
f 616//616 878//878 995//995
f 1183//1183 878//878 815//815
f 1601//1601 1827//1827 881//881
f 527//527 535//535 526//526
f 2184//2184 2183//2183 2175//2175
f 1142//1142 1125//1125 1133//1133
f 235//235 338//338 798//798
f 160//160 339//339 792//792
f 599//599 92//92 75//75
f 598//598 1116//1116 566//566
f 631//631 558//558 731//731
f 771//771 770//770 744//744
f 730//730 528//528 642//642
f 841//841 699//699 642//642
f 668//668 401//401 188//188
f 510//510 527//527 526//526
f 749//749 758//758 740//740
f 706//706 721//721 695//695
f 694//694 726//726 705//705
f 694//694 744//744 726//726
f 906//906 911//911 905//905
f 661//661 695//695 161//161
f 708//708 815//815 616//616
f 535//535 547//547 33//33
f 794//794 759//759 591//591
f 778//778 808//808 790//790
f 269//269 758//758 783//783
f 771//771 744//744 694//694
f 800//800 808//808 820//820
f 571//571 886//886 582//582
f 854//854 948//948 1010//1010
f 906//906 905//905 887//887
f 625//625 651//651 635//635
f 2000//2000 1226//1226 534//534
f 2140//2140 1504//1504 2016//2016
f 601//601 620//620 615//615
f 620//620 601//601 640//640
f 648//648 640//640 669//669
f 698//698 452//452 439//439
f 671//671 785//785 657//657
f 1561//1561 2356//2356 545//545
f 685//685 653//653 667//667
f 685//685 727//727 684//684
f 568//568 616//616 797//797
f 708//708 732//732 815//815
f 93//93 229//229 339//339
f 865//865 851//851 839//839
f 942//942 1103//1103 950//950
f 589//589 614//614 125//125
f 606//606 610//610 627//627
f 951//951 834//834 873//873
f 92//92 599//599 625//625
f 1878//1878 830//830 1902//1902
f 2482//2482 2098//2098 1899//1899
f 568//568 708//708 616//616
f 708//708 551//551 732//732
f 2434//2434 2487//2487 2483//2483
f 160//160 964//964 665//665
f 2316//2316 2391//2391 2309//2309
f 762//762 758//758 749//749
f 570//570 614//614 589//589
f 888//888 897//897 883//883
f 2000//2000 1517//1517 1388//1388
f 685//685 721//721 727//727
f 588//588 610//610 606//606
f 653//653 685//685 684//684
f 651//651 650//650 635//635
f 760//760 1151//1151 6//6
f 793//793 622//622 150//150
f 651//651 676//676 650//650
f 744//744 769//769 750//750
f 541//541 542//542 560//560
f 476//476 500//500 690//690
f 473//473 1064//1064 1057//1057
f 561//561 578//578 560//560
f 636//636 625//625 599//599
f 876//876 995//995 949//949
f 829//829 856//856 846//846
f 682//682 704//704 740//740
f 791//791 790//790 770//770
f 2466//2466 2500//2500 2460//2460
f 579//579 587//587 586//586
f 1352//1352 1208//1208 1095//1095
f 1684//1684 1479//1479 1916//1916
f 604//604 609//609 636//636
f 751//751 721//721 706//706
f 810//810 608//608 782//782
f 672//672 603//603 649//649
f 475//475 447//447 476//476
f 794//794 591//591 801//801
f 682//682 186//186 650//650
f 808//808 800//800 790//790
f 644//644 598//598 813//813
f 704//704 719//719 740//740
f 1011//1011 608//608 810//810
f 1192//1192 584//584 737//737
f 687//687 780//780 796//796
f 2337//2337 474//474 2312//2312
f 638//638 667//667 646//646
f 706//706 1186//1186 728//728
f 733//733 575//575 568//568
f 595//595 551//551 708//708
f 595//595 540//540 551//551
f 1308//1308 501//501 1852//1852
f 665//665 339//339 160//160
f 527//527 2447//2447 535//535
f 558//558 9//9 731//731
f 723//723 793//793 773//773
f 660//660 713//713 694//694
f 693//693 725//725 666//666
f 562//562 767//767 529//529
f 550//550 538//538 531//531
f 2267//2267 2287//2287 2233//2233
f 996//996 964//964 160//160
f 2068//2068 2470//2470 2466//2466
f 704//704 711//711 719//719
f 741//741 762//762 749//749
f 605//605 606//606 626//626
f 548//548 542//542 530//530
f 995//995 878//878 709//709
f 1898//1898 1684//1684 1916//1916
f 778//778 791//791 771//771
f 782//782 163//163 785//785
f 789//789 758//758 762//762
f 857//857 883//883 847//847
f 733//733 970//970 1028//1028
f 838//838 829//829 825//825
f 2447//2447 511//511 535//535
f 22//22 603//603 137//137
f 705//705 726//726 744//744
f 605//605 587//587 580//580
f 512//512 548//548 530//530
f 743//743 784//784 742//742
f 790//790 800//800 770//770
f 778//778 810//810 808//808
f 1014//1014 998//998 355//355
f 708//708 568//568 595//595
f 656//656 697//697 551//551
f 540//540 656//656 551//551
f 143//143 125//125 614//614
f 1000//1000 1020//1020 983//983
f 778//778 178//178 1011//1011
f 676//676 704//704 682//682
f 637//637 627//627 660//660
f 606//606 627//627 637//637
f 701//701 552//552 481//481
f 808//808 810//810 785//785
f 590//590 570//570 555//555
f 716//716 595//595 568//568
f 2355//2355 2335//2335 554//554
f 912//912 1729//1729 911//911
f 1076//1076 1456//1456 1546//1546
f 697//697 68//68 492//492
f 676//676 711//711 704//704
f 839//839 851//851 838//838
f 1028//1028 575//575 733//733
f 1020//1020 844//844 982//982
f 716//716 568//568 575//575
f 844//844 781//781 982//982
f 1238//1238 2156//2156 2034//2034
f 553//553 580//580 561//561
f 580//580 579//579 561//561
f 452//452 461//461 453//453
f 560//560 578//578 48//48
f 564//564 540//540 595//595
f 632//632 656//656 540//540
f 564//564 632//632 540//540
f 75//75 578//578 599//599
f 518//518 27//27 535//535
f 511//511 518//518 535//535
f 783//783 798//798 788//788
f 642//642 759//759 663//663
f 720//720 742//742 741//741
f 605//605 626//626 587//587
f 580//580 587//587 579//579
f 725//725 712//712 666//666
f 562//562 701//701 767//767
f 1729//1729 923//923 911//911
f 712//712 743//743 742//742
f 619//619 677//677 658//658
f 161//161 695//695 654//654
f 770//770 800//800 562//562
f 2084//2084 2489//2489 2472//2472
f 575//575 559//559 716//716
f 716//716 564//564 595//595
f 654//654 695//695 685//685
f 843//843 855//855 2064//2064
f 34//34 731//731 9//9
f 527//527 510//510 1973//1973
f 723//723 622//622 793//793
f 992//992 1726//1726 987//987
f 693//693 666//666 652//652
f 2472//2472 853//853 573//573
f 624//624 159//159 148//148
f 671//671 657//657 773//773
f 681//681 188//188 498//498
f 797//797 970//970 733//733
f 565//565 656//656 632//632
f 565//565 697//697 656//656
f 565//565 731//731 697//697
f 1949//1949 951//951 920//920
f 85//85 111//111 84//84
f 662//662 200//200 190//190
f 44//44 324//324 754//754
f 33//33 547//547 40//40
f 658//658 693//693 652//652
f 658//658 652//652 645//645
f 664//664 794//794 801//801
f 666//666 712//712 692//692
f 639//639 648//648 662//662
f 611//611 646//646 610//610
f 850//850 559//559 575//575
f 1447//1447 2490//2490 1106//1106
f 1972//1972 1955//1955 1935//1935
f 582//582 615//615 590//590
f 66//66 581//581 539//539
f 780//780 641//641 631//631
f 796//796 780//780 631//631
f 1049//1049 1192//1192 83//83
f 1348//1348 13//13 1519//1519
f 799//799 807//807 562//562
f 581//581 611//611 588//588
f 687//687 795//795 644//644
f 663//663 8//8 642//642
f 1936//1936 1972//1972 1935//1935
f 650//650 676//676 682//682
f 615//615 630//630 590//590
f 730//730 795//795 687//687
f 742//742 762//762 741//741
f 548//548 553//553 542//542
f 1048//1048 1692//1692 1074//1074
f 658//658 659//659 693//693
f 37//37 52//52 30//30
f 611//611 610//610 588//588
f 649//649 632//632 564//564
f 565//565 576//576 731//731
f 2138//2138 922//922 1058//1058
f 1204//1204 854//854 965//965
f 725//725 743//743 712//712
f 644//644 813//813 641//641
f 660//660 653//653 684//684
f 771//771 791//791 770//770
f 644//644 795//795 1074//1074
f 469//469 480//480 681//681
f 559//559 672//672 564//564
f 716//716 559//559 564//564
f 672//672 649//649 564//564
f 2161//2161 1378//1378 2171//2171
f 474//474 475//475 476//476
f 816//816 765//765 701//701
f 765//765 552//552 701//701
f 513//513 538//538 548//548
f 754//754 324//324 107//107
f 609//609 586//586 618//618
f 25//25 523//523 19//19
f 677//677 659//659 658//658
f 689//689 452//452 698//698
f 1334//1334 1115//1115 1353//1353
f 700//700 565//565 632//632
f 700//700 576//576 565//565
f 481//481 552//552 793//793
f 763//763 901//901 2458//2458
f 550//550 549//549 538//538
f 781//781 964//964 996//996
f 1596//1596 1634//1634 1595//1595
f 198//198 916//916 1124//1124
f 198//198 1124//1124 341//341
f 842//842 973//973 1025//1025
f 842//842 1025//1025 836//836
f 1009//1009 1024//1024 934//934
f 573//573 710//710 2472//2472
f 1100//1100 971//971 1002//1002
f 1501//1501 1081//1081 1557//1557
f 1225//1225 1219//1219 955//955
f 413//413 2138//2138 284//284
f 955//955 1630//1630 522//522
f 341//341 1124//1124 301//301
f 2333//2333 2376//2376 2350//2350
f 1107//1107 218//218 284//284
f 398//398 925//925 1513//1513
f 1513//1513 1442//1442 1495//1495
f 1935//1935 1455//1455 1744//1744
f 1723//1723 1935//1935 1744//1744
f 825//825 1872//1872 838//838
f 1495//1495 1442//1442 1496//1496
f 963//963 1024//1024 1009//1009
f 1511//1511 1514//1514 966//966
f 1775//1775 1729//1729 912//912
f 688//688 262//262 1067//1067
f 714//714 1007//1007 1512//1512
f 919//919 1732//1732 914//914
f 2319//2319 2331//2331 2304//2304
f 2400//2400 2407//2407 2391//2391
f 1674//1674 2164//2164 1780//1780
f 843//843 927//927 899//899
f 1660//1660 988//988 1188//1188
f 1067//1067 262//262 1640//1640
f 1381//1381 1109//1109 1483//1483
f 1437//1437 1381//1381 1483//1483
f 2495//2495 1010//1010 948//948
f 1514//1514 1289//1289 1313//1313
f 899//899 374//374 961//961
f 1438//1438 1430//1430 1422//1422
f 1634//1634 1095//1095 1632//1632
f 2487//2487 973//973 2461//2461
f 1003//1003 499//499 874//874
f 849//849 848//848 827//827
f 1430//1430 1462//1462 1453//1453
f 2496//2496 2084//2084 2471//2471
f 909//909 10//10 980//980
f 730//730 927//927 835//835
f 2031//2031 1540//1540 1536//1536
f 831//831 849//849 2178//2178
f 881//881 834//834 951//951
f 1841//1841 1722//1722 1803//1803
f 1005//1005 670//670 1020//1020
f 1021//1021 670//670 1005//1005
f 1869//1869 2059//2059 2467//2467
f 903//903 902//902 1939//1939
f 2476//2476 2502//2502 1651//1651
f 853//853 8//8 573//573
f 1850//1850 831//831 2178//2178
f 934//934 746//746 247//247
f 934//934 65//65 746//746
f 301//301 285//285 1077//1077
f 968//968 944//944 977//977
f 970//970 2495//2495 1028//1028
f 974//974 2465//2465 374//374
f 899//899 927//927 374//374
f 1882//1882 1898//1898 1916//1916
f 1613//1613 1634//1634 1596//1596
f 909//909 833//833 1396//1396
f 2492//2492 247//247 1003//1003
f 919//919 914//914 1931//1931
f 1459//1459 1299//1299 1458//1458
f 1634//1634 1632//1632 1633//1633
f 844//844 670//670 228//228
f 2494//2494 2497//2497 2467//2467
f 901//901 973//973 2487//2487
f 228//228 1772//1772 734//734
f 1701//1701 1709//1709 1666//1666
f 963//963 574//574 1024//1024
f 847//847 864//864 856//856
f 1730//1730 1736//1736 2239//2239
f 870//870 859//859 848//848
f 2074//2074 2111//2111 2103//2103
f 1140//1140 1590//1590 1483//1483
f 927//927 730//730 974//974
f 2103//2103 978//978 2074//2074
f 756//756 1745//1745 1718//1718
f 848//848 859//859 840//840
f 1296//1296 1482//1482 1320//1320
f 2331//2331 51//51 66//66
f 1067//1067 988//988 962//962
f 1396//1396 833//833 1445//1445
f 1001//1001 1005//1005 1000//1000
f 901//901 1009//1009 973//973
f 1099//1099 1077//1077 817//817
f 933//933 944//944 936//936
f 952//952 958//958 1828//1828
f 988//988 1660//1660 986//986
f 833//833 1067//1067 1445//1445
f 1067//1067 1640//1640 988//988
f 218//218 413//413 284//284
f 1843//1843 180//180 347//347
f 1846//1846 1708//1708 1798//1798
f 2469//2469 2477//2477 855//855
f 1006//1006 1021//1021 1005//1005
f 381//381 382//382 250//250
f 2369//2369 828//828 531//531
f 968//968 977//977 1001//1001
f 2460//2460 1949//1949 779//779
f 1194//1194 1441//1441 1115//1115
f 1001//1001 1000//1000 968//968
f 756//756 678//678 1745//1745
f 963//963 1009//1009 901//901
f 2471//2471 2084//2084 2472//2472
f 841//841 642//642 8//8
f 982//982 991//991 1027//1027
f 670//670 844//844 1020//1020
f 1289//1289 1514//1514 945//945
f 869//869 904//904 890//890
f 1161//1161 1115//1115 1639//1639
f 823//823 2178//2178 849//849
f 746//746 12//12 499//499
f 263//263 428//428 2366//2366
f 1685//1685 1075//1075 1692//1692
f 1002//1002 926//926 806//806
f 1799//1799 1755//1755 216//216
f 944//944 968//968 993//993
f 943//943 944//944 993//993
f 31//31 38//38 19//19
f 531//531 828//828 550//550
f 1501//1501 1078//1078 1081//1081
f 1921//1921 1149//1149 431//431
f 936//936 943//943 932//932
f 1660//1660 1489//1489 1412//1412
f 301//301 980//980 285//285
f 903//903 918//918 902//902
f 869//869 890//890 868//868
f 890//890 903//903 867//867
f 1003//1003 746//746 499//499
f 951//951 1949//1949 2500//2500
f 990//990 841//841 853//853
f 1595//1595 1634//1634 1611//1611
f 374//374 927//927 974//974
f 836//836 1025//1025 247//247
f 1653//1653 1652//1652 1638//1638
f 1303//1303 1545//1545 1142//1142
f 1616//1616 1631//1631 1638//1638
f 1629//1629 1546//1546 1628//1628
f 936//936 932//932 913//913
f 513//513 506//506 531//531
f 868//868 890//890 867//867
f 2330//2330 2369//2369 2353//2353
f 924//924 918//918 914//914
f 907//907 914//914 904//904
f 1258//1258 1421//1421 1267//1267
f 301//301 939//939 980//980
f 1472//1472 1482//1482 1296//1296
f 868//868 867//867 859//859
f 472//472 491//491 313//313
f 272//272 519//519 2488//2488
f 1471//1471 1472//1472 1296//1296
f 1025//1025 934//934 247//247
f 1634//1634 1633//1633 1611//1611
f 2176//2176 1847//1847 2177//2177
f 1310//1310 1289//1289 806//806
f 924//924 933//933 918//918
f 1969//1969 1968//1968 902//902
f 2107//2107 2128//2128 2118//2118
f 1428//1428 1436//1436 1287//1287
f 1139//1139 1564//1564 1617//1617
f 2378//2378 572//572 2384//2384
f 853//853 841//841 8//8
f 2501//2501 961//961 2465//2465
f 1221//1221 1240//1240 1408//1408
f 1069//1069 1578//1578 1627//1627
f 1006//1006 1005//1005 1001//1001
f 1617//1617 1564//1564 1578//1578
f 828//828 539//539 550//550
f 1791//1791 2168//2168 2160//2160
f 1829//1829 1718//1718 1739//1739
f 1968//1968 1939//1939 902//902
f 756//756 1718//1718 665//665
f 1998//1998 2000//2000 1388//1388
f 2451//2451 545//545 2356//2356
f 178//178 997//997 1011//1011
f 1275//1275 325//325 1270//1270
f 1709//1709 872//872 1666//1666
f 2176//2176 1959//1959 1847//1847
f 944//944 943//943 936//936
f 2424//2424 518//518 511//511
f 1445//1445 1067//1067 962//962
f 2007//2007 952//952 1828//1828
f 2052//2052 2061//2061 2081//2081
f 828//828 2303//2303 539//539
f 835//835 1699//1699 1048//1048
f 1709//1709 1706//1706 872//872
f 885//885 574//574 963//963
f 1318//1318 1296//1296 1320//1320
f 859//859 867//867 1902//1902
f 1452//1452 1448//1448 1421//1421
f 943//943 993//993 976//976
f 993//993 1000//1000 983//983
f 854//854 1010//1010 876//876
f 988//988 986//986 962//962
f 2031//2031 2052//2052 2081//2081
f 924//924 1732//1732 1828//1828
f 965//965 949//949 1060//1060
f 781//781 228//228 734//734
f 1718//1718 1765//1765 665//665
f 943//943 976//976 932//932
f 1680//1680 1794//1794 1783//1783
f 1448//1448 1471//1471 1276//1276
f 1276//1276 1267//1267 1421//1421
f 1931//1931 914//914 907//907
f 991//991 781//781 996//996
f 1276//1276 1421//1421 1448//1448
f 10//10 909//909 1396//1396
f 831//831 860//860 849//849
f 1523//1523 1762//1762 1774//1774
f 924//924 1828//1828 937//937
f 307//307 994//994 1014//1014
f 946//946 963//963 901//901
f 978//978 2103//2103 977//977
f 977//977 1006//1006 1001//1001
f 1007//1007 1161//1161 1639//1639
f 1639//1639 1294//1294 1437//1437
f 885//885 1032//1032 574//574
f 1294//1294 1381//1381 1437//1437
f 733//733 568//568 797//797
f 792//792 229//229 1112//1112
f 119//119 581//581 108//108
f 843//843 835//835 927//927
f 1889//1889 860//860 831//831
f 2211//2211 2216//2216 2204//2204
f 2400//2400 2431//2431 2422//2422
f 2103//2103 1006//1006 977//977
f 840//840 1902//1902 830//830
f 827//827 840//840 830//830
f 827//827 830//830 822//822
f 1003//1003 874//874 2492//2492
f 1432//1432 1439//1439 1431//1431
f 781//781 734//734 964//964
f 1937//1937 1936//1936 1723//1723
f 918//918 913//913 902//902
f 958//958 977//977 944//944
f 1850//1850 2178//2178 2177//2177
f 1005//1005 1020//1020 1000//1000
f 991//991 996//996 307//307
f 1396//1396 1445//1445 340//340
f 2179//2179 1763//1763 889//889
f 939//939 909//909 980//980
f 1828//1828 958//958 937//937
f 978//978 977//977 958//958
f 1590//1590 1571//1571 1563//1563
f 779//779 1949//1949 920//920
f 1551//1551 1362//1362 1573//1573
f 2103//2103 2142//2142 1006//1006
f 920//920 885//885 963//963
f 946//946 920//920 963//963
f 1584//1584 1616//1616 1583//1583
f 1453//1453 1472//1472 1452//1452
f 1647//1647 1617//1617 1578//1578
f 1578//1578 1564//1564 1627//1627
f 1628//1628 938//938 1069//1069
f 869//869 868//868 859//859
f 993//993 983//983 976//976
f 912//912 1762//1762 1775//1775
f 752//752 751//751 706//706
f 1628//1628 1546//1546 938//938
f 844//844 228//228 781//781
f 840//840 859//859 1902//1902
f 898//898 907//907 904//904
f 1025//1025 973//973 1009//1009
f 663//663 664//664 573//573
f 763//763 946//946 901//901
f 898//898 904//904 869//869
f 2172//2172 889//889 1763//1763
f 1128//1128 926//926 971//971
f 860//860 848//848 849//849
f 904//904 903//903 890//890
f 2486//2486 2459//2459 2479//2479
f 577//577 782//782 608//608
f 933//933 936//936 918//918
f 2177//2177 1847//1847 1851//1851
f 665//665 1765//1765 339//339
f 937//937 958//958 944//944
f 894//894 981//981 724//724
f 968//968 1000//1000 993//993
f 2192//2192 2195//2195 2205//2205
f 1652//1652 1099//1099 817//817
f 997//997 608//608 1011//1011
f 997//997 577//577 608//608
f 577//577 163//163 782//782
f 1112//1112 998//998 792//792
f 2177//2177 1851//1851 1850//1850
f 1257//1257 1421//1421 1258//1258
f 951//951 873//873 920//920
f 822//822 830//830 2215//2215
f 1899//1899 2496//2496 2471//2471
f 1773//1773 1668//1668 1558//1558
f 904//904 914//914 903//903
f 932//932 1671//1671 913//913
f 873//873 885//885 920//920
f 1013//1013 1617//1617 1647//1647
f 873//873 1032//1032 885//885
f 894//894 862//862 981//981
f 2469//2469 855//855 961//961
f 913//913 1671//1671 1969//1969
f 2477//2477 2064//2064 855//855
f 918//918 936//936 913//913
f 860//860 870//870 848//848
f 937//937 944//944 933//933
f 1501//1501 1013//1013 1647//1647
f 824//824 178//178 751//751
f 824//824 997//997 178//178
f 824//824 577//577 997//997
f 643//643 163//163 577//577
f 863//863 856//856 882//882
f 2128//2128 2153//2153 2134//2134
f 722//722 774//774 880//880
f 722//722 894//894 774//774
f 864//864 905//905 895//895
f 850//850 575//575 583//583
f 914//914 918//918 903//903
f 924//924 937//937 933//933
f 1501//1501 717//717 1013//1013
f 1587//1587 1324//1324 928//928
f 717//717 1512//1512 1013//1013
f 602//602 577//577 824//824
f 766//766 643//643 577//577
f 894//894 709//709 862//862
f 709//709 878//878 862//862
f 976//976 975//975 932//932
f 1324//1324 1596//1596 928//928
f 880//880 524//524 1060//1060
f 2434//2434 2459//2459 2499//2499
f 1324//1324 1613//1613 1596//1596
f 752//752 824//824 751//751
f 602//602 766//766 577//577
f 1014//1014 602//602 594//594
f 1387//1387 1226//1226 2152//2152
f 2153//2153 1387//1387 2152//2152
f 669//669 930//930 950//950
f 1710//1710 1694//1694 1699//1699
f 768//768 326//326 762//762
f 582//582 892//892 601//601
f 974//974 990//990 2465//2465
f 624//624 116//116 625//625
f 835//835 795//795 730//730
f 2458//2458 2484//2484 763//763
f 989//989 602//602 824//824
f 2064//2064 2477//2477 1710//1710
f 976//976 983//983 975//975
f 949//949 722//722 880//880
f 996//996 160//160 994//994
f 2305//2305 863//863 556//556
f 556//556 863//863 886//886
f 601//601 910//910 640//640
f 2264//2264 825//825 829//829
f 989//989 824//824 752//752
f 856//856 864//864 882//882
f 1595//1595 1586//1586 2381//2381
f 1627//1627 1629//1629 1628//1628
f 2174//2174 2180//2180 2173//2173
f 2128//2128 2134//2134 2118//2118
f 137//137 272//272 22//22
f 949//949 880//880 1060//1060
f 995//995 894//894 722//722
f 894//894 995//995 709//709
f 894//894 724//724 774//774
f 886//886 895//895 892//892
f 640//640 910//910 930//930
f 871//871 870//870 860//860
f 846//846 856//856 863//863
f 1026//1026 875//875 1019//1019
f 838//838 851//851 829//829
f 1024//1024 1171//1171 934//934
f 36//36 189//189 205//205
f 863//863 882//882 886//886
f 886//886 882//882 895//895
f 875//875 1026//1026 594//594
f 52//52 1459//1459 1269//1269
f 896//896 917//917 910//910
f 1025//1025 1009//1009 934//934
f 949//949 995//995 722//722
f 2152//2152 1226//1226 1636//1636
f 895//895 896//896 892//892
f 892//892 910//910 601//601
f 942//942 950//950 930//930
f 875//875 989//989 752//752
f 594//594 602//602 989//989
f 766//766 355//355 643//643
f 355//355 260//260 643//643
f 905//905 917//917 896//896
f 965//965 1060//1060 1162//1162
f 892//892 896//896 910//910
f 1101//1101 1052//1052 1042//1042
f 1029//1029 1031//1031 834//834
f 1101//1101 1133//1133 1118//1118
f 342//342 357//357 376//376
f 516//516 515//515 2454//2454
f 1656//1656 2494//2494 2467//2467
f 1056//1056 1303//1303 1133//1133
f 1120//1120 1130//1130 862//862
f 69//69 342//342 376//376
f 1055//1055 1056//1056 1133//1133
f 499//499 69//69 165//165
f 85//85 101//101 111//111
f 1031//1031 1032//1032 834//834
f 200//200 679//679 1166//1166
f 1031//1031 1042//1042 1032//1032
f 1171//1171 65//65 934//934
f 1822//1822 1204//1204 1177//1177
f 1096//1096 956//956 1103//1103
f 514//514 96//96 97//97
f 956//956 1145//1145 1144//1144
f 1185//1185 1166//1166 1144//1144
f 1145//1145 1185//1185 1144//1144
f 1185//1185 200//200 1166//1166
f 375//375 132//132 1041//1041
f 1153//1153 1202//1202 305//305
f 32//32 1244//1244 1249//1249
f 1096//1096 1087//1087 956//956
f 554//554 78//78 2355//2355
f 1191//1191 138//138 110//110
f 65//65 35//35 432//432
f 1087//1087 1110//1110 956//956
f 1110//1110 1146//1146 956//956
f 956//956 1146//1146 1145//1145
f 1146//1146 1156//1156 1145//1145
f 1145//1145 1156//1156 1185//1185
f 950//950 956//956 1144//1144
f 2481//2481 2495//2495 948//948
f 1156//1156 1193//1193 1185//1185
f 1050//1050 1047//1047 1051//1051
f 239//239 151//151 107//107
f 1185//1185 1193//1193 36//36
f 1747//1747 1110//1110 1087//1087
f 1134//1134 1146//1146 1110//1110
f 1146//1146 1157//1157 1156//1156
f 1156//1156 1157//1157 1193//1193
f 1041//1041 1045//1045 1034//1034
f 1397//1397 1134//1134 1110//1110
f 1157//1157 1146//1146 1134//1134
f 1157//1157 1175//1175 1193//1193
f 1193//1193 199//199 36//36
f 1090//1090 1035//1035 1196//1196
f 1456//1456 1150//1150 1051//1051
f 1175//1175 199//199 1193//1193
f 1186//1186 695//695 199//199
f 1186//1186 199//199 1175//1175
f 1175//1175 1157//1157 1134//1134
f 728//728 1186//1186 1175//1175
f 197//197 760//760 6//6
f 1130//1130 593//593 862//862
f 1167//1167 1109//1109 182//182
f 1194//1194 1115//1115 1161//1161
f 2140//2140 1928//1928 1504//1504
f 921//921 922//922 2138//2138
f 1147//1147 1134//1134 1397//1397
f 1719//1719 1147//1147 1397//1397
f 1147//1147 1175//1175 1134//1134
f 1175//1175 1147//1147 728//728
f 341//341 1654//1654 1208//1208
f 754//754 151//151 9//9
f 284//284 2138//2138 1058//1058
f 1188//1188 1557//1557 1660//1660
f 1191//1191 110//110 1053//1053
f 916//916 284//284 1189//1189
f 284//284 1058//1058 1189//1189
f 2094//2094 1465//1465 2127//2127
f 1726//1726 1019//1019 1147//1147
f 1147//1147 1019//1019 728//728
f 593//593 1130//1130 96//96
f 239//239 305//305 1038//1038
f 1036//1036 1131//1131 315//315
f 397//397 1131//1131 1120//1120
f 1053//1053 96//96 1130//1130
f 2467//2467 2485//2485 1869//1869
f 517//517 1089//1089 421//421
f 834//834 1827//1827 1029//1029
f 419//419 1047//1047 1117//1117
f 1034//1034 433//433 1306//1306
f 2239//2239 1862//1862 1730//1730
f 1453//1453 1462//1462 1472//1472
f 1408//1408 1422//1422 1399//1399
f 471//471 23//23 1111//1111
f 1205//1205 1150//1150 1456//1456
f 1205//1205 1040//1040 1150//1150
f 1131//1131 1036//1036 293//293
f 293//293 1068//1068 1044//1044
f 375//375 1041//1041 138//138
f 1205//1205 1140//1140 1046//1046
f 1040//1040 1205//1205 1046//1046
f 1140//1140 1167//1167 1046//1046
f 1104//1104 1049//1049 83//83
f 1052//1052 1085//1085 1032//1032
f 1044//1044 1068//1068 1191//1191
f 1167//1167 1483//1483 1109//1109
f 208//208 1084//1084 1035//1035
f 1040//1040 132//132 375//375
f 1834//1834 20//20 3//3
f 1050//1050 1051//1051 1070//1070
f 1133//1133 1125//1125 1174//1174
f 11//11 1440//1440 1401//1401
f 420//420 208//208 1071//1071
f 1135//1135 1079//1079 1094//1094
f 1086//1086 1101//1101 1118//1118
f 1029//1029 1030//1030 1031//1031
f 1200//1200 1061//1061 294//294
f 1191//1191 1068//1068 138//138
f 1171//1171 1141//1141 65//65
f 1141//1141 1172//1172 65//65
f 1172//1172 35//35 65//65
f 1172//1172 404//404 35//35
f 404//404 99//99 35//35
f 221//221 1104//1104 1063//1063
f 802//802 398//398 1083//1083
f 20//20 1089//1089 3//3
f 2064//2064 1699//1699 835//835
f 1042//1042 1052//1052 1032//1032
f 1433//1433 1261//1261 1432//1432
f 1323//1323 2338//2338 155//155
f 1076//1076 1205//1205 1456//1456
f 1088//1088 1402//1402 1056//1056
f 1150//1150 348//348 1070//1070
f 1200//1200 1089//1089 20//20
f 1097//1097 1162//1162 100//100
f 1032//1032 873//873 834//834
f 21//21 471//471 1111//1111
f 294//294 1097//1097 1104//1104
f 1072//1072 100//100 584//584
f 1151//1151 760//760 622//622
f 132//132 1045//1045 1041//1041
f 1050//1050 1070//1070 1135//1135
f 1088//1088 1039//1039 940//940
f 650//650 159//159 635//635
f 100//100 1170//1170 729//729
f 729//729 584//584 100//100
f 1103//1103 931//931 1096//1096
f 925//925 1443//1443 1513//1513
f 138//138 1102//1102 110//110
f 1034//1034 1306//1306 1152//1152
f 1071//1071 1035//1035 1090//1090
f 100//100 1072//1072 1097//1097
f 23//23 1158//1158 315//315
f 1068//1068 375//375 138//138
f 1586//1586 1612//1612 1585//1585
f 1819//1819 1030//1030 1029//1029
f 1041//1041 1034//1034 1102//1102
f 232//232 375//375 1068//1068
f 348//348 1079//1079 1070//1070
f 1061//1061 1097//1097 294//294
f 1513//1513 1443//1443 1442//1442
f 1200//1200 294//294 1119//1119
f 376//376 1050//1050 1062//1062
f 1094//1094 1036//1036 315//315
f 1200//1200 1119//1119 1089//1089
f 1111//1111 1183//1183 21//21
f 1044//1044 1191//1191 1053//1053
f 698//698 295//295 689//689
f 1079//1079 232//232 1036//1036
f 404//404 1117//1117 99//99
f 1495//1495 1496//1496 717//717
f 1119//1119 294//294 98//98
f 3//3 1089//1089 517//517
f 1132//1132 1063//1063 83//83
f 1132//1132 83//83 175//175
f 132//132 1046//1046 182//182
f 1111//1111 1195//1195 1183//1183
f 1131//1131 1044//1044 1037//1037
f 127//127 402//402 1804//1804
f 219//219 1272//1272 1047//1047
f 1697//1697 1135//1135 1094//1094
f 2140//2140 1854//1854 2117//2117
f 1111//1111 397//397 1195//1195
f 1177//1177 1162//1162 1097//1097
f 1061//1061 1177//1177 1097//1097
f 717//717 1509//1509 714//714
f 2//2 1300//1300 433//433
f 462//462 290//290 461//461
f 98//98 294//294 221//221
f 294//294 1104//1104 221//221
f 714//714 1161//1161 1007//1007
f 1073//1073 1152//1152 1143//1143
f 1697//1697 1094//1094 1360//1360
f 1223//1223 1423//1423 1218//1218
f 836//836 2479//2479 842//842
f 1097//1097 1072//1072 1049//1049
f 348//348 1040//1040 375//375
f 3//3 517//517 316//316
f 180//180 1061//1061 1201//1201
f 348//348 375//375 232//232
f 1432//1432 1431//1431 1415//1415
f 220//220 1513//1513 1495//1495
f 1104//1104 1097//1097 1049//1049
f 306//306 674//674 596//596
f 777//777 455//455 723//723
f 2170//2170 2151//2151 1641//1641
f 1047//1047 419//419 219//219
f 1102//1102 1034//1034 1073//1073
f 1073//1073 1034//1034 1152//1152
f 1035//1035 1054//1054 1196//1196
f 1177//1177 1204//1204 1162//1162
f 746//746 65//65 12//12
f 751//751 178//178 721//721
f 1054//1054 517//517 421//421
f 1051//1051 1150//1150 1070//1070
f 1102//1102 1073//1073 110//110
f 998//998 1136//1136 355//355
f 567//567 566//566 1163//1163
f 1111//1111 315//315 397//397
f 1048//1048 1074//1074 835//835
f 1158//1158 1094//1094 315//315
f 1374//1374 1107//1107 1252//1252
f 1112//1112 1136//1136 998//998
f 472//472 629//629 500//500
f 355//355 1136//1136 260//260
f 260//260 118//118 43//43
f 1104//1104 83//83 1063//1063
f 376//376 357//357 1050//1050
f 1463//1463 1142//1142 1545//1545
f 1036//1036 232//232 293//293
f 1030//1030 1042//1042 1031//1031
f 1079//1079 348//348 232//232
f 221//221 1063//1063 1132//1132
f 1094//1094 1079//1079 1036//1036
f 1076//1076 1629//1629 1205//1205
f 1136//1136 1197//1197 260//260
f 260//260 1197//1197 118//118
f 1204//1204 965//965 1162//1162
f 293//293 232//232 1068//1068
f 1590//1590 1205//1205 1629//1629
f 1205//1205 1590//1590 1140//1140
f 250//250 382//382 392//392
f 1296//1296 1318//1318 1311//1311
f 347//347 1201//1201 20//20
f 1201//1201 1200//1200 20//20
f 132//132 182//182 1045//1045
f 1101//1101 1086//1086 1052//1052
f 1033//1033 1039//1039 1055//1055
f 138//138 1041//1041 1102//1102
f 970//970 1010//1010 2495//2495
f 455//455 777//777 43//43
f 1992//1992 1948//1948 2023//2023
f 20//20 1834//1834 347//347
f 1072//1072 584//584 1049//1049
f 584//584 1192//1192 1049//1049
f 182//182 2//2 1045//1045
f 1163//1163 324//324 44//44
f 1360//1360 1094//1094 1158//1158
f 1450//1450 1360//1360 1158//1158
f 1091//1091 1112//1112 229//229
f 509//509 723//723 455//455
f 207//207 509//509 455//455
f 1251//1251 1257//1257 1266//1266
f 1488//1488 1489//1489 1547//1547
f 2157//2157 1541//1541 1875//1875
f 305//305 107//107 324//324
f 1045//1045 2//2 433//433
f 1070//1070 1079//1079 1135//1135
f 1136//1136 1168//1168 1197//1197
f 1197//1197 359//359 118//118
f 118//118 359//359 43//43
f 359//359 356//356 43//43
f 356//356 455//455 43//43
f 356//356 207//207 455//455
f 1240//1240 1422//1422 1408//1408
f 1163//1163 1153//1153 324//324
f 1201//1201 1061//1061 1200//1200
f 1052//1052 1086//1086 1085//1085
f 1024//1024 1141//1141 1171//1171
f 1112//1112 1105//1105 1136//1136
f 1050//1050 1135//1135 1062//1062
f 1105//1105 1168//1168 1136//1136
f 1168//1168 1178//1178 1197//1197
f 1197//1197 1178//1178 359//359
f 1173//1173 404//404 1172//1172
f 465//465 356//356 359//359
f 1174//1174 1125//1125 240//240
f 1240//1240 1431//1431 1422//1422
f 1098//1098 1113//1113 1105//1105
f 1112//1112 1098//1098 1105//1105
f 1105//1105 1178//1178 1168//1168
f 1178//1178 465//465 359//359
f 1091//1091 1098//1098 1112//1112
f 1133//1133 1174//1174 1118//1118
f 98//98 221//221 1059//1059
f 487//487 1132//1132 175//175
f 980//980 1017//1017 285//285
f 465//465 207//207 356//356
f 180//180 1201//1201 347//347
f 1060//1060 524//524 1170//1170
f 445//445 127//127 316//316
f 1431//1431 1438//1438 1422//1422
f 498//498 469//469 681//681
f 940//940 1807//1807 1759//1759
f 381//381 250//250 1290//1290
f 1113//1113 1122//1122 1105//1105
f 1105//1105 1122//1122 1178//1178
f 1151//1151 509//509 207//207
f 1236//1236 2035//2035 525//525
f 1131//1131 293//293 1044//1044
f 346//346 207//207 465//465
f 346//346 1151//1151 207//207
f 1822//1822 1796//1796 1204//1204
f 1143//1143 204//204 97//97
f 123//123 1128//1128 971//971
f 2153//2153 2152//2152 2134//2134
f 126//126 1151//1151 346//346
f 517//517 445//445 316//316
f 1450//1450 1158//1158 23//23
f 1458//1458 1462//1462 1430//1430
f 1129//1129 152//152 1182//1182
f 1122//1122 1159//1159 1178//1178
f 1178//1178 1198//1198 465//465
f 79//79 346//346 465//465
f 126//126 1155//1155 1151//1151
f 1151//1151 1155//1155 6//6
f 295//295 1129//1129 689//689
f 1073//1073 1143//1143 97//97
f 1098//1098 1123//1123 1113//1113
f 1113//1113 1123//1123 1122//1122
f 1123//1123 1169//1169 1122//1122
f 1178//1178 1159//1159 1198//1198
f 1198//1198 79//79 465//465
f 392//392 383//383 152//152
f 1822//1822 1061//1061 180//180
f 116//116 92//92 625//625
f 421//421 1089//1089 1119//1119
f 1129//1129 295//295 152//152
f 110//110 1073//1073 97//97
f 1173//1173 1172//1172 1141//1141
f 1122//1122 1169//1169 1159//1159
f 79//79 126//126 346//346
f 1155//1155 181//181 6//6
f 971//971 926//926 1002//1002
f 295//295 1043//1043 152//152
f 1039//1039 1088//1088 1056//1056
f 1428//1428 1266//1266 1436//1436
f 404//404 419//419 1117//1117
f 836//836 879//879 2479//2479
f 2464//2464 2476//2476 2458//2458
f 1198//1198 317//317 79//79
f 1124//1124 939//939 301//301
f 44//44 754//754 567//567
f 1039//1039 1056//1056 1055//1055
f 1439//1439 1459//1459 1458//1458
f 1660//1660 1412//1412 986//986
f 1169//1169 1160//1160 1159//1159
f 179//179 1155//1155 126//126
f 1155//1155 131//131 181//181
f 1061//1061 1822//1822 1177//1177
f 1153//1153 305//305 324//324
f 175//175 314//314 327//327
f 1160//1160 1187//1187 1159//1159
f 1159//1159 1187//1187 1198//1198
f 1198//1198 1187//1187 317//317
f 79//79 179//179 126//126
f 1043//1043 250//250 392//392
f 152//152 1043//1043 392//392
f 96//96 819//819 593//593
f 1123//1123 1127//1127 1169//1169
f 317//317 179//179 79//79
f 1057//1057 1155//1155 179//179
f 1155//1155 391//391 131//131
f 131//131 391//391 668//668
f 2381//2381 1586//1586 1585//1585
f 12//12 69//69 499//499
f 262//262 398//398 1640//1640
f 2107//2107 2118//2118 2060//2060
f 2130//2130 2094//2094 2002//2002
f 1187//1187 249//249 317//317
f 1155//1155 1057//1057 391//391
f 1290//1290 439//439 1265//1265
f 305//305 239//239 107//107
f 1127//1127 1160//1160 1169//1169
f 317//317 473//473 179//179
f 473//473 1057//1057 179//179
f 83//83 1192//1192 314//314
f 1043//1043 1290//1290 250//250
f 1807//1807 940//940 1030//1030
f 517//517 1084//1084 445//445
f 1057//1057 1164//1164 391//391
f 2492//2492 2480//2480 2493//2493
f 163//163 643//643 43//43
f 1056//1056 1545//1545 1303//1303
f 1069//1069 1655//1655 1023//1023
f 249//249 473//473 317//317
f 1162//1162 1060//1060 1170//1170
f 1086//1086 1118//1118 1154//1154
f 82//82 68//68 16//16
f 1989//1989 1990//1990 1536//1536
f 1633//1633 1632//1632 1611//1611
f 1487//1487 2372//2372 1305//1305
f 1494//1494 1069//1069 1023//1023
f 1137//1137 1160//1160 1127//1127
f 669//669 1166//1166 679//679
f 390//390 1285//1285 426//426
f 1955//1955 1972//1972 1971//1971
f 1219//1219 1223//1223 2437//2437
f 1254//1254 1261//1261 1223//1223
f 1319//1319 1545//1545 1056//1056
f 1320//1320 1328//1328 2443//2443
f 1261//1261 1433//1433 1223//1223
f 1219//1219 1254//1254 1223//1223
f 254//254 222//222 2428//2428
f 1237//1237 1290//1290 1265//1265
f 1284//1284 1273//1273 1263//1263
f 1277//1277 1291//1291 1301//1301
f 1314//1314 102//102 1301//1301
f 1280//1280 363//363 377//377
f 1313//1313 1353//1353 1514//1514
f 468//468 451//451 439//439
f 1918//1918 1964//1964 1956//1956
f 2026//2026 29//29 2140//2140
f 1354//1354 381//381 1279//1279
f 1224//1224 30//30 1254//1254
f 147//147 158//158 173//173
f 1247//1247 1253//1253 274//274
f 1271//1271 380//380 334//334
f 2043//2043 2072//2072 2042//2042
f 274//274 300//300 267//267
f 1356//1356 1392//1392 211//211
f 13//13 240//240 1142//1142
f 1382//1382 1330//1330 1392//1392
f 1312//1312 1323//1323 155//155
f 240//240 1125//1125 1142//1142
f 2358//2358 1573//1573 1362//1362
f 1236//1236 1249//1249 1244//1244
f 1272//1272 219//219 1348//1348
f 1271//1271 1274//1274 380//380
f 191//191 2034//2034 1982//1982
f 1992//1992 2052//2052 1990//1990
f 462//462 452//452 689//689
f 2262//2262 2286//2286 2261//2261
f 183//183 489//489 1642//1642
f 2485//2485 2480//2480 1869//1869
f 84//84 111//111 1323//1323
f 1190//1190 353//353 1354//1354
f 446//446 434//434 435//435
f 1336//1336 171//171 1341//1341
f 2021//2021 430//430 2059//2059
f 862//862 878//878 1120//1120
f 1263//1263 1273//1273 1248//1248
f 1966//1966 1921//1921 2144//2144
f 1312//1312 84//84 1323//1323
f 240//240 13//13 1348//1348
f 1359//1359 1274//1274 1271//1271
f 1392//1392 1330//1330 1247//1247
f 1520//1520 1333//1333 11//11
f 1368//1368 1253//1253 1247//1247
f 1279//1279 1285//1285 1190//1190
f 2465//2465 990//990 2489//2489
f 1272//1272 1519//1519 805//805
f 1369//1369 1272//1272 805//805
f 1317//1317 95//95 1344//1344
f 1242//1242 1248//1248 1234//1234
f 1368//1368 242//242 1363//1363
f 274//274 1262//1262 1386//1386
f 532//532 597//597 1886//1886
f 2117//2117 2026//2026 2140//2140
f 1392//1392 1247//1247 274//274
f 2162//2162 508//508 985//985
f 1964//1964 1469//1469 1965//1965
f 1315//1315 104//104 1331//1331
f 1392//1392 1356//1356 1382//1382
f 128//128 1342//1342 1336//1336
f 1285//1285 427//427 426//426
f 1219//1219 1224//1224 1254//1254
f 1320//1320 1322//1322 1321//1321
f 1320//1320 1321//1321 1328//1328
f 153//153 2443//2443 1328//1328
f 1321//1321 153//153 1328//1328
f 1235//1235 1244//1244 1243//1243
f 1225//1225 1224//1224 1219//1219
f 1359//1359 353//353 1190//1190
f 1312//1312 1473//1473 1458//1458
f 1336//1336 1342//1342 147//147
f 305//305 1333//1333 1038//1038
f 1336//1336 147//147 171//171
f 516//516 31//31 19//19
f 2479//2479 2461//2461 842//842
f 1237//1237 1265//1265 427//427
f 1263//1263 1278//1278 1284//1284
f 881//881 1827//1827 834//834
f 1237//1237 427//427 1285//1285
f 1299//1299 1312//1312 1458//1458
f 1190//1190 1285//1285 1274//1274
f 1363//1363 286//286 1253//1253
f 2330//2330 2303//2303 828//828
f 427//427 442//442 426//426
f 2493//2493 2463//2463 2492//2492
f 1285//1285 380//380 1274//1274
f 522//522 18//18 1225//1225
f 2471//2471 2472//2472 2488//2488
f 2338//2338 154//154 1321//1321
f 1423//1423 1415//1415 1218//1218
f 1225//1225 18//18 1224//1224
f 1253//1253 286//286 1262//1262
f 286//286 353//353 1359//1359
f 171//171 1368//1368 1383//1383
f 1273//1273 54//54 1234//1234
f 1973//1973 2447//2447 527//527
f 1322//1322 155//155 1321//1321
f 1203//1203 1369//1369 1413//1413
f 1307//1307 363//363 1298//1298
f 1364//1364 1375//1375 1329//1329
f 1329//1329 227//227 1306//1306
f 296//296 1298//1298 1343//1343
f 947//947 2499//2499 1447//1447
f 1203//1203 1047//1047 1272//1272
f 1098//1098 1748//1748 1123//1123
f 1519//1519 1272//1272 1348//1348
f 1277//1277 70//70 1273//1273
f 1282//1282 1337//1337 1361//1361
f 286//286 302//302 353//353
f 103//103 104//104 1315//1315
f 1377//1377 435//435 434//434
f 1449//1449 1261//1261 1345//1345
f 926//926 1310//1310 806//806
f 1263//1263 1248//1248 1242//1242
f 985//985 508//508 597//597
f 1415//1415 1222//1222 1218//1218
f 88//88 1325//1325 104//104
f 170//170 111//111 156//156
f 1384//1384 1282//1282 1361//1361
f 274//274 1253//1253 1262//1262
f 1371//1371 1317//1317 1344//1344
f 1371//1371 1366//1366 1337//1337
f 1345//1345 1459//1459 1449//1449
f 171//171 1383//1383 1341//1341
f 2438//2438 1235//1235 1227//1227
f 2134//2134 1582//1582 2118//2118
f 428//428 1260//1260 1379//1379
f 1336//1336 1341//1341 1325//1325
f 1235//1235 1242//1242 1227//1227
f 1228//1228 1687//1687 2284//2284
f 1854//1854 2140//2140 2016//2016
f 1866//1866 1887//1887 1873//1873
f 1343//1343 1298//1298 1370//1370
f 1384//1384 1361//1361 2440//2440
f 171//171 242//242 1368//1368
f 1344//1344 1309//1309 1366//1366
f 1371//1371 1344//1344 1366//1366
f 1280//1280 1377//1377 1293//1293
f 200//200 1185//1185 205//205
f 1330//1330 1383//1383 1368//1368
f 1255//1255 1264//1264 1263//1263
f 543//543 1367//1367 1876//1876
f 1343//1343 1370//1370 1260//1260
f 1293//1293 1326//1326 1370//1370
f 2440//2440 1361//1361 1302//1302
f 1282//1282 1384//1384 2406//2406
f 271//271 1337//1337 1282//1282
f 170//170 2338//2338 1323//1323
f 1528//1528 1503//1503 2470//2470
f 515//515 1347//1347 2453//2453
f 1997//1997 1705//1705 1998//1998
f 2285//2285 1228//1228 2284//2284
f 1229//1229 1250//1250 1228//1228
f 1330//1330 1368//1368 1247//1247
f 1919//1919 1619//1619 2045//2045
f 1344//1344 1364//1364 1335//1335
f 1222//1222 1240//1240 1221//1221
f 1212//1212 858//858 1741//1741
f 2388//2388 1222//1222 1221//1221
f 1528//1528 2470//2470 2068//2068
f 501//501 1308//1308 2171//2171
f 1295//1295 1311//1311 1487//1487
f 2116//2116 1619//1619 1655//1655
f 1220//1220 1229//1229 1228//1228
f 8//8 663//663 573//573
f 1343//1343 1260//1260 428//428
f 1337//1337 1366//1366 1361//1361
f 1298//1298 1280//1280 1293//1293
f 1269//1269 1345//1345 1261//1261
f 1279//1279 381//381 1290//1290
f 1230//1230 1229//1229 1220//1220
f 1230//1230 1245//1245 1229//1229
f 1245//1245 1250//1250 1229//1229
f 1227//1227 1234//1234 31//31
f 1302//1302 1361//1361 1350//1350
f 1245//1245 1266//1266 1428//1428
f 1992//1992 2023//2023 2052//2052
f 2482//2482 2471//2471 2475//2475
f 452//452 462//462 461//461
f 271//271 1282//1282 1275//1275
f 1991//1991 1989//1989 1934//1934
f 1366//1366 1309//1309 1350//1350
f 1344//1344 1335//1335 1309//1309
f 730//730 699//699 974//974
f 1374//1374 1252//1252 1208//1208
f 597//597 508//508 1912//1912
f 1363//1363 1253//1253 1368//1368
f 1386//1386 1271//1271 300//300
f 1211//1211 1218//1218 1222//1222
f 1376//1376 1377//1377 434//434
f 2399//2399 2437//2437 1211//1211
f 1284//1284 1291//1291 1277//1277
f 1230//1230 1251//1251 1245//1245
f 1251//1251 1266//1266 1245//1245
f 1317//1317 1371//1371 1337//1337
f 1288//1288 1286//1286 1095//1095
f 1095//1095 1286//1286 1352//1352
f 1241//1241 1208//1208 1352//1352
f 1241//1241 1374//1374 1208//1208
f 1284//1284 1278//1278 1291//1291
f 211//211 1392//1392 267//267
f 1344//1344 1375//1375 1364//1364
f 929//929 583//583 1028//1028
f 1361//1361 1366//1366 1350//1350
f 1115//1115 1294//1294 1639//1639
f 1291//1291 103//103 1301//1301
f 1220//1220 1231//1231 1230//1230
f 1231//1231 1251//1251 1230//1230
f 1234//1234 1248//1248 1273//1273
f 1255//1255 55//55 1264//1264
f 1360//1360 1450//1450 1702//1702
f 363//363 1280//1280 1298//1298
f 1369//1369 1203//1203 1272//1272
f 1415//1415 1240//1240 1222//1222
f 1216//1216 1231//1231 1220//1220
f 1243//1243 1263//1263 1235//1235
f 1375//1375 227//227 1329//1329
f 1264//1264 1278//1278 1263//1263
f 855//855 899//899 961//961
f 1286//1286 1241//1241 1352//1352
f 2081//2081 2128//2128 2107//2107
f 1223//1223 1433//1433 1423//1423
f 1473//1473 1312//1312 155//155
f 154//154 153//153 1321//1321
f 1377//1377 1376//1376 1293//1293
f 1392//1392 274//274 267//267
f 334//334 300//300 1271//1271
f 1955//1955 1991//1991 1934//1934
f 1613//1613 1327//1327 1288//1288
f 1327//1327 1286//1286 1288//1288
f 1349//1349 1374//1374 1241//1241
f 2370//2370 2025//2025 2367//2367
f 1315//1315 1331//1331 133//133
f 434//434 446//446 1256//1256
f 1232//1232 1251//1251 1231//1231
f 1243//1243 1244//1244 1255//1255
f 1286//1286 1304//1304 1241//1241
f 1349//1349 1107//1107 1374//1374
f 1359//1359 1271//1271 1386//1386
f 1227//1227 516//516 2431//2431
f 219//219 240//240 1348//1348
f 1270//1270 271//271 1275//1275
f 1255//1255 1263//1263 1243//1243
f 2026//2026 1926//1926 29//29
f 1683//1683 2157//2157 1212//1212
f 1326//1326 1293//1293 1376//1376
f 1255//1255 32//32 55//55
f 104//104 1325//1325 1341//1341
f 519//519 2462//2462 2475//2475
f 2154//2154 2161//2161 2137//2137
f 1376//1376 434//434 1246//1246
f 1246//1246 434//434 1256//1256
f 1257//1257 1251//1251 1232//1232
f 1262//1262 1359//1359 1386//1386
f 2195//2195 2192//2192 2186//2186
f 1308//1308 534//534 1226//1226
f 2026//2026 2117//2117 544//544
f 1327//1327 1613//1613 1324//1324
f 1327//1327 1326//1326 1286//1286
f 1286//1286 1326//1326 1304//1304
f 104//104 1341//1341 1331//1331
f 774//774 524//524 880//880
f 837//837 1517//1517 534//534
f 1127//1127 1123//1123 1567//1567
f 1279//1279 1237//1237 1285//1285
f 1297//1297 1381//1381 1294//1294
f 1217//1217 1232//1232 1216//1216
f 1142//1142 1519//1519 13//13
f 1436//1436 1267//1267 1287//1287
f 1324//1324 1372//1372 1327//1327
f 1304//1304 1246//1246 1241//1241
f 1246//1246 1349//1349 1241//1241
f 1246//1246 1373//1373 1349//1349
f 286//286 1359//1359 1262//1262
f 1382//1382 1383//1383 1330//1330
f 1284//1284 1277//1277 1273//1273
f 489//489 1998//1998 1799//1799
f 1675//1675 1116//1116 1075//1075
f 106//106 1317//1317 1337//1337
f 1311//1311 1295//1295 1281//1281
f 1292//1292 1364//1364 1329//1329
f 1335//1335 1364//1364 1292//1292
f 1334//1334 1294//1294 1115//1115
f 1334//1334 1297//1297 1294//1294
f 1300//1300 1381//1381 1297//1297
f 973//973 842//842 2461//2461
f 1217//1217 1239//1239 1232//1232
f 1232//1232 1239//1239 1257//1257
f 1258//1258 1267//1267 1436//1436
f 1359//1359 1190//1190 1274//1274
f 1862//1862 1405//1405 1877//1877
f 1372//1372 1339//1339 1327//1327
f 1339//1339 1326//1326 1327//1327
f 1373//1373 1351//1351 1349//1349
f 1276//1276 1311//1311 1281//1281
f 1256//1256 2386//2386 1351//1351
f 2//2 1109//1109 1300//1300
f 482//482 1731//1731 520//520
f 803//803 1604//1604 2022//2022
f 1223//1223 1218//1218 1211//1211
f 1341//1341 1383//1383 1382//1382
f 1298//1298 1293//1293 1370//1370
f 1190//1190 1354//1354 1279//1279
f 1324//1324 2398//2398 1372//1372
f 1714//1714 1700//1700 2173//2173
f 183//183 2000//2000 489//489
f 1701//1701 1666//1666 192//192
f 1227//1227 1242//1242 1234//1234
f 1332//1332 1289//1289 1310//1310
f 1517//1517 2005//2005 2130//2130
f 1331//1331 1341//1341 1382//1382
f 525//525 1249//1249 1236//1236
f 23//23 1268//1268 1450//1450
f 1264//1264 1291//1291 1278//1278
f 1281//1281 1287//1287 1267//1267
f 1295//1295 1305//1305 1287//1287
f 1281//1281 1295//1295 1287//1287
f 1487//1487 1305//1305 1295//1295
f 1605//1605 2097//2097 2058//2058
f 1326//1326 1376//1376 1304//1304
f 1304//1304 1376//1376 1246//1246
f 1316//1316 1919//1919 1984//1984
f 2500//2500 1949//1949 2460//2460
f 1332//1332 1313//1313 1289//1289
f 2189//2189 2181//2181 2177//2177
f 1335//1335 1334//1334 1353//1353
f 1292//1292 1297//1297 1334//1334
f 1428//1428 1250//1250 1245//1245
f 969//969 958//958 952//952
f 1217//1217 1233//1233 1239//1239
f 1233//1233 1257//1257 1239//1239
f 1876//1876 1367//1367 1338//1338
f 1379//1379 1260//1260 1372//1372
f 1372//1372 1260//1260 1339//1339
f 1128//1128 1302//1302 1310//1310
f 1310//1310 1302//1302 1332//1332
f 1335//1335 1353//1353 1313//1313
f 1292//1292 1334//1334 1335//1335
f 1297//1297 1329//1329 1300//1300
f 1279//1279 1290//1290 1237//1237
f 1301//1301 103//103 1314//1314
f 70//70 1301//1301 102//102
f 23//23 1333//1333 1268//1268
f 380//380 1285//1285 390//390
f 772//772 325//325 1275//1275
f 1314//1314 103//103 1315//1315
f 2473//2473 2458//2458 2487//2487
f 1276//1276 1281//1281 1267//1267
f 1344//1344 95//95 1375//1375
f 2053//2053 1771//1771 1572//1572
f 1246//1246 1256//1256 1373//1373
f 1373//1373 1256//1256 1351//1351
f 1340//1340 1302//1302 1128//1128
f 1350//1350 1313//1313 1332//1332
f 1329//1329 1297//1297 1292//1292
f 2434//2434 2473//2473 2487//2487
f 106//106 1337//1337 271//271
f 23//23 471//471 1333//1333
f 622//622 723//723 509//509
f 1388//1388 1517//1517 2127//2127
f 1991//1991 1990//1990 1989//1989
f 183//183 1636//1636 1226//1226
f 2133//2133 1605//1605 2151//2151
f 1260//1260 1370//1370 1339//1339
f 1339//1339 1370//1370 1326//1326
f 867//867 1894//1894 1902//1902
f 390//390 426//426 412//412
f 1235//1235 1263//1263 1242//1242
f 1399//1399 1422//1422 1233//1233
f 305//305 11//11 1333//1333
f 1300//1300 1329//1329 1306//1306
f 1302//1302 1350//1350 1332//1332
f 1350//1350 1309//1309 1313//1313
f 1309//1309 1335//1335 1313//1313
f 2470//2470 2102//2102 1502//1502
f 1787//1787 1531//1531 1599//1599
f 1724//1724 1725//1725 1691//1691
f 1827//1827 1601//1601 1927//1927
f 1678//1678 1358//1358 1476//1476
f 1823//1823 1812//1812 1846//1846
f 1805//1805 1824//1824 1708//1708
f 1746//1746 1676//1676 1797//1797
f 325//325 2395//2395 429//429
f 1835//1835 1677//1677 1826//1826
f 1507//1507 1790//1790 1722//1722
f 1526//1526 1672//1672 858//858
f 158//158 147//147 1342//1342
f 1462//1462 1473//1473 1322//1322
f 1474//1474 1414//1414 1565//1565
f 1761//1761 1900//1900 1877//1877
f 940//940 1759//1759 1008//1008
f 1565//1565 1015//1015 1008//1008
f 1924//1924 1533//1533 1933//1933
f 1878//1878 826//826 830//830
f 1565//1565 1414//1414 1015//1015
f 1402//1402 1088//1088 1008//1008
f 1538//1538 1532//1532 1651//1651
f 1015//1015 1552//1552 1008//1008
f 1538//1538 1591//1591 1474//1474
f 1532//1532 1538//1538 1474//1474
f 1474//1474 1591//1591 1414//1414
f 1484//1484 1402//1402 1008//1008
f 1552//1552 1484//1484 1008//1008
f 1414//1414 1460//1460 1015//1015
f 1015//1015 1460//1460 1552//1552
f 806//806 1289//1289 945//945
f 1597//1597 1538//1538 1659//1659
f 1484//1484 1319//1319 1402//1402
f 1056//1056 1402//1402 1319//1319
f 1538//1538 1597//1597 1591//1591
f 1591//1591 960//960 1414//1414
f 1414//1414 960//960 1460//1460
f 1925//1925 1466//1466 1455//1455
f 1552//1552 1400//1400 1484//1484
f 1484//1484 1400//1400 1319//1319
f 1400//1400 113//113 1319//1319
f 1597//1597 1580//1580 1591//1591
f 1460//1460 1400//1400 1552//1552
f 1514//1514 1441//1441 966//966
f 1597//1597 1659//1659 1409//1409
f 1657//1657 113//113 1400//1400
f 1460//1460 1657//1657 1400//1400
f 1288//1288 1095//1095 1634//1634
f 1551//1551 1597//1597 1409//1409
f 1580//1580 1598//1598 1591//1591
f 1591//1591 1598//1598 960//960
f 1536//1536 1990//1990 2031//2031
f 960//960 1657//1657 1460//1460
f 1809//1809 1746//1746 1797//1797
f 1423//1423 1433//1433 1432//1432
f 2478//2478 1362//1362 1409//1409
f 1463//1463 1545//1545 113//113
f 1657//1657 1463//1463 113//113
f 1457//1457 1287//1287 1305//1305
f 1682//1682 1716//1716 1746//1746
f 1434//1434 1761//1761 1885//1885
f 1013//1013 1139//1139 1617//1617
f 2379//2379 1362//1362 2478//2478
f 1420//1420 1597//1597 1551//1551
f 1420//1420 1580//1580 1597//1597
f 1664//1664 1808//1808 1712//1712
f 2256//2256 2250//2250 2231//2231
f 1362//1362 1551//1551 1409//1409
f 2196//2196 2214//2214 2213//2213
f 1691//1691 1725//1725 1777//1777
f 1626//1626 192//192 1666//1666
f 1534//1534 1574//1574 2058//2058
f 1574//1574 1600//1600 1605//1605
f 1600//1600 1606//1606 1605//1605
f 1606//1606 1641//1641 1605//1605
f 1573//1573 1420//1420 1551//1551
f 1657//1657 1485//1485 1463//1463
f 678//678 1806//1806 1742//1742
f 1534//1534 1553//1553 1574//1574
f 1574//1574 1575//1575 1600//1600
f 1810//1810 2170//2170 585//585
f 1623//1623 1641//1641 1606//1606
f 1407//1407 1657//1657 960//960
f 1598//1598 1407//1407 960//960
f 1485//1485 1142//1142 1463//1463
f 1716//1716 1581//1581 1676//1676
f 1738//1738 1743//1743 1733//1733
f 843//843 2064//2064 835//835
f 1539//1539 1575//1575 1574//1574
f 1553//1553 1539//1539 1574//1574
f 1575//1575 1592//1592 1600//1600
f 1592//1592 1624//1624 1606//1606
f 1600//1600 1592//1592 1606//1606
f 1642//1642 585//585 1641//1641
f 1623//1623 1642//1642 1641//1641
f 1485//1485 164//164 1142//1142
f 1738//1738 1516//1516 1743//1743
f 1809//1809 1720//1720 1798//1798
f 1533//1533 1535//1535 1534//1534
f 1592//1592 1607//1607 1624//1624
f 1624//1624 1623//1623 1606//1606
f 1163//1163 566//566 1116//1116
f 1407//1407 1485//1485 1657//1657
f 1432//1432 1449//1449 1439//1439
f 1100//1100 802//802 2382//2382
f 1743//1743 1516//1516 1722//1722
f 1746//1746 1716//1716 1676//1676
f 1535//1535 1539//1539 1534//1534
f 1534//1534 1539//1539 1553//1553
f 1642//1642 1623//1623 1624//1624
f 1095//1095 1208//1208 1654//1654
f 967//967 1407//1407 1598//1598
f 1580//1580 967//967 1598//1598
f 1809//1809 1797//1797 1720//1720
f 1924//1924 1524//1524 1535//1535
f 1533//1533 1924//1924 1535//1535
f 1539//1539 1576//1576 1575//1575
f 1642//1642 216//216 585//585
f 1407//1407 1529//1529 1485//1485
f 1485//1485 1529//1529 164//164
f 1472//1472 1462//1462 1482//1482
f 1415//1415 1431//1431 1240//1240
f 966//966 1194//1194 714//714
f 383//383 1182//1182 152//152
f 474//474 2337//2337 446//446
f 1743//1743 1841//1841 1757//1757
f 1486//1486 1524//1524 1924//1924
f 1535//1535 1525//1525 1539//1539
f 1575//1575 1576//1576 1592//1592
f 1420//1420 967//967 1580//1580
f 1288//1288 1634//1634 1613//1613
f 459//459 427//427 1265//1265
f 1404//1404 2179//2179 1393//1393
f 1404//1404 1403//1403 1800//1800
f 1404//1404 1410//1410 1403//1403
f 1410//1410 1749//1749 1403//1403
f 1349//1349 1351//1351 218//218
f 1486//1486 1498//1498 1524//1524
f 1535//1535 1524//1524 1525//1525
f 1607//1607 1636//1636 1624//1624
f 183//183 1642//1642 1624//1624
f 1636//1636 183//183 1624//1624
f 1107//1107 1349//1349 218//218
f 1351//1351 845//845 218//218
f 164//164 1519//1519 1142//1142
f 845//845 413//413 218//218
f 1525//1525 1576//1576 1539//1539
f 1576//1576 1582//1582 1592//1592
f 1592//1592 2134//2134 1607//1607
f 2134//2134 1636//1636 1607//1607
f 2147//2147 1491//1491 1401//1401
f 1407//1407 1589//1589 1529//1529
f 1529//1529 1519//1519 164//164
f 1693//1693 1763//1763 1444//1444
f 1924//1924 1479//1479 1486//1486
f 1592//1592 1582//1582 2134//2134
f 499//499 165//165 874//874
f 2176//2176 1857//1857 1959//1959
f 2327//2327 2368//2368 2326//2326
f 2358//2358 821//821 953//953
f 953//953 821//821 1573//1573
f 1824//1824 1704//1704 1464//1464
f 1731//1731 1358//1358 1678//1678
f 1394//1394 1410//1410 1404//1404
f 1394//1394 1418//1418 1410//1410
f 1466//1466 1479//1479 1839//1839
f 1486//1486 1479//1479 1498//1498
f 1498//1498 1525//1525 1524//1524
f 1576//1576 2080//2080 1582//1582
f 1785//1785 1684//1684 1898//1898
f 804//804 398//398 802//802
f 804//804 925//925 398//398
f 1447//1447 1562//1562 2358//2358
f 2358//2358 1562//1562 821//821
f 821//821 1620//1620 1573//1573
f 1620//1620 1420//1420 1573//1573
f 1420//1420 1556//1556 967//967
f 1393//1393 1394//1394 1404//1404
f 1525//1525 2080//2080 1576//1576
f 1621//1621 1420//1420 1620//1620
f 1621//1621 1556//1556 1420//1420
f 967//967 1589//1589 1407//1407
f 1505//1505 5//5 1357//1357
f 1266//1266 1258//1258 1436//1436
f 1393//1393 1395//1395 1394//1394
f 2176//2176 2175//2175 1848//1848
f 1455//1455 1466//1466 1839//1839
f 1525//1525 1540//1540 2080//2080
f 1582//1582 2080//2080 2118//2118
f 1100//1100 804//804 802//802
f 1556//1556 1589//1589 967//967
f 1589//1589 1082//1082 1529//1529
f 1093//1093 1685//1685 1357//1357
f 1504//1504 1093//1093 1357//1357
f 1425//1425 1418//1418 1394//1394
f 1475//1475 1479//1479 1466//1466
f 1479//1479 1506//1506 1498//1498
f 1789//1789 1784//1784 1730//1730
f 2501//2501 2465//2465 2489//2489
f 1438//1438 1458//1458 1430//1430
f 1462//1462 1458//1458 1473//1473
f 1454//1454 805//805 1529//1529
f 1082//1082 1454//1454 1529//1529
f 1529//1529 805//805 1519//1519
f 1425//1425 1394//1394 1395//1395
f 1425//1425 1744//1744 1418//1418
f 1479//1479 1475//1475 1506//1506
f 1540//1540 2060//2060 2080//2080
f 1556//1556 1082//1082 1589//1589
f 1443//1443 945//945 1511//1511
f 1506//1506 1536//1536 1498//1498
f 1498//1498 1536//1536 1525//1525
f 1525//1525 1536//1536 1540//1540
f 1670//1670 852//852 1672//1672
f 1998//1998 1388//1388 1389//1389
f 1511//1511 966//966 1509//1509
f 1509//1509 966//966 714//714
f 1442//1442 1443//1443 1496//1496
f 1562//1562 1635//1635 821//821
f 155//155 1322//1322 1473//1473
f 1439//1439 1458//1458 1438//1438
f 1426//1426 1425//1425 1395//1395
f 1475//1475 1499//1499 1506//1506
f 1735//1735 1588//1588 1776//1776
f 2422//2422 2454//2454 2421//2421
f 1423//1423 1432//1432 1415//1415
f 1559//1559 2101//2101 2073//2073
f 845//845 866//866 413//413
f 1429//1429 1620//1620 821//821
f 1620//1620 1429//1429 1621//1621
f 1228//1228 1250//1250 1687//1687
f 1002//1002 945//945 1443//1443
f 2382//2382 802//802 1083//1083
f 1859//1859 1411//1411 1395//1395
f 1411//1411 1426//1426 1395//1395
f 1426//1426 1744//1744 1425//1425
f 1590//1590 1437//1437 1483//1483
f 1480//1480 1475//1475 1466//1466
f 1480//1480 1499//1499 1475//1475
f 1510//1510 1733//1733 1743//1743
f 1663//1663 1696//1696 1658//1658
f 1430//1430 1453//1453 1452//1452
f 1452//1452 1472//1472 1471//1471
f 1452//1452 1471//1471 1448//1448
f 1430//1430 1452//1452 1421//1421
f 1430//1430 1421//1421 1422//1422
f 1429//1429 1082//1082 1556//1556
f 1621//1621 1429//1429 1556//1556
f 1351//1351 2386//2386 845//845
f 1126//1126 1059//1059 487//487
f 1639//1639 1437//1437 1563//1563
f 1504//1504 1928//1928 1093//1093
f 1499//1499 1536//1536 1506//1506
f 1588//1588 1770//1770 1727//1727
f 1110//1110 1747//1747 1397//1397
f 1776//1776 1588//1588 1531//1531
f 1322//1322 1320//1320 1482//1482
f 1590//1590 1629//1629 1571//1571
f 1730//1730 1877//1877 1838//1838
f 1429//1429 935//935 1082//1082
f 1082//1082 935//935 1454//1454
f 804//804 1443//1443 925//925
f 1139//1139 1007//1007 1639//1639
f 1925//1925 1480//1480 1466//1466
f 1934//1934 1989//1989 1480//1480
f 1499//1499 1989//1989 1536//1536
f 1727//1727 1526//1526 1531//1531
f 1593//1593 1614//1614 502//502
f 2455//2455 2431//2431 2400//2400
f 1755//1755 1680//1680 908//908
f 1563//1563 1571//1571 1564//1564
f 1647//1647 1078//1078 1501//1501
f 2490//2490 1635//1635 1106//1106
f 1496//1496 1511//1511 717//717
f 2454//2454 2431//2431 516//516
f 1478//1478 1153//1153 1093//1093
f 1870//1870 1426//1426 1411//1411
f 1426//1426 1723//1723 1744//1744
f 962//962 986//986 1412//1412
f 717//717 1511//1511 1509//1509
f 1825//1825 1704//1704 1824//1824
f 2225//2225 2234//2234 2253//2253
f 1490//1490 1557//1557 1188//1188
f 1635//1635 80//80 821//821
f 805//805 1454//1454 935//935
f 1186//1186 706//706 695//695
f 1194//1194 1161//1161 714//714
f 1512//1512 1007//1007 1013//1013
f 592//592 97//97 204//204
f 1258//1258 1266//1266 1257//1257
f 82//82 1333//1333 471//471
f 1694//1694 1710//1710 1505//1505
f 1643//1643 490//490 1661//1661
f 1661//1661 490//490 1114//1114
f 1518//1518 2068//2068 2484//2484
f 1750//1750 1808//1808 1664//1664
f 1656//1656 1635//1635 2490//2490
f 935//935 1521//1521 805//805
f 1546//1546 1629//1629 1076//1076
f 1301//1301 70//70 1277//1277
f 966//966 1441//1441 1194//1194
f 1148//1148 1825//1825 1824//1824
f 1614//1614 1609//1609 1643//1643
f 1114//1114 1092//1092 1921//1921
f 1770//1770 1739//1739 1670//1670
f 1631//1631 1632//1632 1646//1646
f 821//821 1016//1016 1429//1429
f 1429//1429 1016//1016 935//935
f 1632//1632 1095//1095 1654//1654
f 1083//1083 262//262 688//688
f 1724//1724 1686//1686 1725//1725
f 1644//1644 490//490 1643//1643
f 1092//1092 1149//1149 1921//1921
f 3//3 893//893 1832//1832
f 988//988 1640//1640 1188//1188
f 916//916 1107//1107 284//284
f 1656//1656 80//80 1635//1635
f 1016//1016 821//821 80//80
f 1016//1016 1521//1521 935//935
f 1478//1478 1202//1202 1153//1153
f 1401//1401 1928//1928 29//29
f 1440//1440 1478//1478 1928//1928
f 1849//1849 1700//1700 1865//1865
f 1595//1595 1611//1611 1612//1612
f 1208//1208 198//198 341//341
f 1464//1464 1704//1704 1746//1746
f 2143//2143 984//984 1721//1721
f 1848//1848 1849//1849 1868//1868
f 1662//1662 1114//1114 490//490
f 1669//1669 1787//1787 1682//1682
f 1656//1656 1618//1618 80//80
f 198//198 1208//1208 916//916
f 1440//1440 1928//1928 1401//1401
f 1521//1521 1369//1369 805//805
f 1252//1252 1107//1107 916//916
f 1745//1745 678//678 1672//1672
f 1703//1703 1779//1779 1721//1721
f 1750//1750 1465//1465 1808//1808
f 1609//1609 1644//1644 1643//1643
f 1092//1092 1114//1114 1662//1662
f 1826//1826 1523//1523 1793//1793
f 2262//2262 2261//2261 2224//2224
f 1696//1696 2166//2166 1767//1767
f 1016//1016 1648//1648 1521//1521
f 1208//1208 1252//1252 916//916
f 833//833 688//688 1067//1067
f 1794//1794 1803//1803 1558//1558
f 28//28 17//17 512//512
f 1750//1750 861//861 1566//1566
f 1594//1594 1644//1644 1609//1609
f 1644//1644 1645//1645 490//490
f 490//490 1645//1645 1662//1662
f 2229//2229 2262//2262 2224//2224
f 1602//1602 861//861 1760//1760
f 1530//1530 1777//1777 1760//1760
f 872//872 1706//1706 1673//1673
f 1696//1696 1668//1668 2166//2166
f 1708//1708 1809//1809 1798//1798
f 1581//1581 1716//1716 1814//1814
f 1709//1709 1794//1794 1680//1680
f 1233//1233 1421//1421 1257//1257
f 1724//1724 1476//1476 1686//1686
f 1469//1469 1481//1481 1965//1965
f 1965//1965 1481//1481 1492//1492
f 2073//2073 1549//1549 1559//1559
f 1594//1594 1615//1615 1644//1644
f 1799//1799 1706//1706 1755//1755
f 1725//1725 1686//1686 1837//1837
f 1720//1720 1797//1797 1572//1572
f 1618//1618 2467//2467 2022//2022
f 1618//1618 1579//1579 80//80
f 1648//1648 1016//1016 80//80
f 2134//2134 2152//2152 1636//1636
f 1611//1611 1632//1632 1631//1631
f 1761//1761 1434//1434 1470//1470
f 1559//1559 1577//1577 1594//1594
f 1603//1603 1615//1615 1594//1594
f 1615//1615 1645//1645 1644//1644
f 1637//1637 1662//1662 1645//1645
f 1662//1662 1199//1199 1092//1092
f 1199//1199 1149//1149 1092//1092
f 1451//1451 1108//1108 1149//1149
f 665//665 734//734 756//756
f 1865//1865 1700//1700 1714//1714
f 1709//1709 1841//1841 1794//1794
f 1618//1618 2022//2022 1579//1579
f 1648//1648 1413//1413 1369//1369
f 1521//1521 1648//1648 1369//1369
f 1520//1520 11//11 1401//1401
f 1446//1446 1470//1470 1434//1434
f 1798//1798 1691//1691 1754//1754
f 2063//2063 1544//1544 2073//2073
f 2073//2073 1544//1544 1549//1549
f 1594//1594 1577//1577 1603//1603
f 1615//1615 1637//1637 1645//1645
f 1637//1637 1199//1199 1662//1662
f 1427//1427 1149//1149 1199//1199
f 2167//2167 1108//1108 1451//1451
f 1997//1997 1673//1673 1705//1705
f 1706//1706 1799//1799 1705//1705
f 1841//1841 1709//1709 1757//1757
f 1604//1604 1579//1579 2022//2022
f 1579//1579 707//707 80//80
f 80//80 707//707 1648//1648
f 1520//1520 1401//1401 1491//1491
f 1649//1649 1520//1520 1491//1491
f 1435//1435 1434//1434 1885//1885
f 1470//1470 1469//1469 1461//1461
f 1481//1481 1508//1508 2024//2024
f 2370//2370 1544//1544 2063//2063
f 1549//1549 1568//1568 1559//1559
f 1559//1559 1568//1568 1577//1577
f 1603//1603 1610//1610 1615//1615
f 1615//1615 1610//1610 1637//1637
f 999//999 1199//1199 1637//1637
f 1451//1451 1149//1149 1427//1427
f 1137//1137 1825//1825 1148//1148
f 1706//1706 1705//1705 1673//1673
f 1138//1138 1604//1604 2116//2116
f 1138//1138 1579//1579 1604//1604
f 1413//1413 1648//1648 707//707
f 2360//2360 2024//2024 1508//1508
f 598//598 1075//1075 1116//1116
f 229//229 93//93 1468//1468
f 1839//1839 1479//1479 1684//1684
f 2216//2216 2229//2229 2224//2224
f 1610//1610 1625//1625 1637//1637
f 329//329 999//999 1637//1637
f 1199//1199 1017//1017 1427//1427
f 1017//1017 303//303 1427//1427
f 303//303 1451//1451 1427//1427
f 1792//1792 1754//1754 1777//1777
f 2309//2309 2391//2391 2301//2301
f 1655//1655 1138//1138 2116//2116
f 1138//1138 707//707 1579//1579
f 1649//1649 1491//1491 206//206
f 1406//1406 1885//1885 1398//1398
f 1406//1406 1419//1419 1885//1885
f 1419//1419 1435//1435 1885//1885
f 1434//1434 1435//1435 1446//1446
f 1470//1470 1481//1481 1469//1469
f 1577//1577 1583//1583 1603//1603
f 999//999 1017//1017 1199//1199
f 81//81 67//67 941//941
f 67//67 1650//1650 941//941
f 1259//1259 1815//1815 2164//2164
f 1619//1619 2116//2116 2045//2045
f 1424//1424 707//707 1138//1138
f 1702//1702 1649//1649 206//206
f 1687//1687 1406//1406 1398//1398
f 1477//1477 1481//1481 1470//1470
f 1568//1568 1569//1569 1577//1577
f 1577//1577 1569//1569 1583//1583
f 1603//1603 1583//1583 1610//1610
f 1625//1625 329//329 1637//1637
f 2167//2167 340//340 273//273
f 81//81 273//273 340//340
f 81//81 962//962 67//67
f 1547//1547 1619//1619 1488//1488
f 1830//1830 1739//1739 1770//1770
f 938//938 1424//1424 1138//1138
f 1424//1424 1413//1413 707//707
f 1527//1527 1649//1649 1702//1702
f 1527//1527 1520//1520 1649//1649
f 1527//1527 1268//1268 1520//1520
f 1250//1250 1406//1406 1687//1687
f 1441//1441 1353//1353 1115//1115
f 1203//1203 1413//1413 1051//1051
f 1250//1250 1419//1419 1406//1406
f 1477//1477 2372//2372 1481//1481
f 1481//1481 2372//2372 1508//1508
f 2449//2449 1560//1560 1568//1568
f 1549//1549 2449//2449 1568//1568
f 1568//1568 1560//1560 1569//1569
f 1569//1569 1584//1584 1583//1583
f 1652//1652 329//329 1625//1625
f 329//329 817//817 999//999
f 285//285 1017//1017 999//999
f 303//303 10//10 1451//1451
f 10//10 2167//2167 1451//1451
f 1412//1412 1650//1650 67//67
f 1412//1412 1488//1488 1650//1650
f 1547//1547 1023//1023 1619//1619
f 1023//1023 1655//1655 1619//1619
f 1655//1655 938//938 1138//1138
f 1456//1456 1413//1413 1424//1424
f 1457//1457 1470//1470 1446//1446
f 1457//1457 1477//1477 1470//1470
f 329//329 1652//1652 817//817
f 10//10 340//340 2167//2167
f 938//938 1546//1546 1424//1424
f 1546//1546 1456//1456 1424//1424
f 1259//1259 1548//1548 1779//1779
f 2052//2052 2031//2031 1990//1990
f 1440//1440 1202//1202 1478//1478
f 1428//1428 1419//1419 1250//1250
f 1428//1428 1435//1435 1419//1419
f 1428//1428 1446//1446 1435//1435
f 1934//1934 1935//1935 1955//1955
f 1560//1560 1584//1584 1569//1569
f 1610//1610 1638//1638 1625//1625
f 1638//1638 1652//1652 1625//1625
f 817//817 1077//1077 999//999
f 1077//1077 285//285 999//999
f 980//980 303//303 1017//1017
f 962//962 1412//1412 67//67
f 1494//1494 1023//1023 1547//1547
f 325//325 271//271 1270//1270
f 1443//1443 1511//1511 1496//1496
f 1450//1450 1268//1268 1527//1527
f 1514//1514 1353//1353 1441//1441
f 1287//1287 1446//1446 1428//1428
f 1446//1446 1287//1287 1457//1457
f 1305//1305 2372//2372 1477//1477
f 1992//1992 1990//1990 1991//1991
f 1992//1992 1991//1991 1971//1971
f 1971//1971 1991//1991 1955//1955
f 2449//2449 1549//1549 2418//2418
f 1583//1583 1616//1616 1610//1610
f 1610//1610 1616//1616 1638//1638
f 10//10 1396//1396 340//340
f 340//340 1445//1445 81//81
f 1445//1445 962//962 81//81
f 1790//1790 984//984 1753//1753
f 984//984 2148//2148 1753//1753
f 1588//1588 1713//1713 1770//1770
f 969//969 978//978 958//958
f 1741//1741 1779//1779 1703//1703
f 1758//1758 1846//1846 1754//1754
f 1827//1827 1819//1819 1029//1029
f 1818//1818 1530//1530 1712//1712
f 1750//1750 1566//1566 2127//2127
f 2459//2459 2434//2434 2483//2483
f 1798//1798 1720//1720 1771//1771
f 1794//1794 1841//1841 1803//1803
f 216//216 1755//1755 1810//1810
f 1098//1098 1735//1735 1748//1748
f 1735//1735 1497//1497 1748//1748
f 1502//1502 2102//2102 1601//1601
f 881//881 1502//1502 1601//1601
f 1455//1455 1839//1839 1744//1744
f 1706//1706 1709//1709 1680//1680
f 1212//1212 1741//1741 1703//1703
f 1788//1788 1969//1969 1671//1671
f 1075//1075 1074//1074 1692//1692
f 951//951 2500//2500 881//881
f 2490//2490 2486//2486 2463//2463
f 1748//1748 1497//1497 1781//1781
f 1721//1721 984//984 1840//1840
f 1815//1815 1259//1259 1741//1741
f 1626//1626 1756//1756 1837//1837
f 975//975 987//987 1542//1542
f 2230//2230 2236//2236 2235//2235
f 1772//1772 678//678 734//734
f 1542//1542 1671//1671 975//975
f 1806//1806 1772//1772 1780//1780
f 678//678 1772//1772 1806//1806
f 2218//2218 2225//2225 2268//2268
f 1828//1828 1732//1732 2007//2007
f 1526//1526 1688//1688 1531//1531
f 1752//1752 1526//1526 1554//1554
f 1844//1844 1818//1818 1712//1712
f 1823//1823 1846//1846 1804//1804
f 1781//1781 1669//1669 1704//1704
f 1721//1721 1779//1779 2143//2143
f 1770//1770 1670//1670 1526//1526
f 1497//1497 1669//1669 1781//1781
f 1098//1098 1713//1713 1735//1735
f 1742//1742 1815//1815 1741//1741
f 1526//1526 858//858 1875//1875
f 1599//1599 1531//1531 1688//1688
f 1803//1803 1790//1790 1558//1558
f 1703//1703 1721//1721 1683//1683
f 1832//1832 1766//1766 957//957
f 1542//1542 1679//1679 1671//1671
f 1679//1679 1788//1788 1671//1671
f 1927//1927 1819//1819 1827//1827
f 1718//1718 1745//1745 1739//1739
f 1684//1684 1022//1022 1839//1839
f 1459//1459 1283//1283 1299//1299
f 1022//1022 1410//1410 1418//1418
f 2368//2368 2393//2393 2326//2326
f 1669//1669 1497//1497 1776//1776
f 1875//1875 858//858 1212//1212
f 1739//1739 1745//1745 852//852
f 1964//1964 1918//1918 1461//1461
f 1356//1356 133//133 1331//1331
f 1765//1765 1829//1829 1468//1468
f 858//858 1742//1742 1741//1741
f 1006//1006 1674//1674 1021//1021
f 1723//1723 1936//1936 1935//1935
f 1468//1468 1713//1713 1098//1098
f 1724//1724 1678//1678 1476//1476
f 1680//1680 1783//1783 908//908
f 1731//1731 1543//1543 520//520
f 1683//1683 1721//1721 1840//1840
f 1467//1467 1679//1679 1542//1542
f 1812//1812 1708//1708 1846//1846
f 1679//1679 1975//1975 1788//1788
f 1713//1713 1830//1830 1770//1770
f 1803//1803 1722//1722 1790//1790
f 2301//2301 2391//2391 2349//2349
f 1713//1713 1588//1588 1735//1735
f 1836//1836 1530//1530 1818//1818
f 1837//1837 1756//1756 861//861
f 886//886 571//571 556//556
f 1181//1181 1805//1805 1812//1812
f 1706//1706 1680//1680 1755//1755
f 1677//1677 1729//1729 1775//1775
f 1776//1776 1787//1787 1669//1669
f 1526//1526 1670//1670 1672//1672
f 1727//1727 1770//1770 1526//1526
f 987//987 1467//1467 1542//1542
f 1567//1567 1704//1704 1137//1137
f 1693//1693 1865//1865 1714//1714
f 897//897 1762//1762 912//912
f 1135//1135 1697//1697 1062//1062
f 1697//1697 376//376 1062//1062
f 1543//1543 1731//1731 1678//1678
f 1793//1793 1679//1679 1467//1467
f 1777//1777 1602//1602 1760//1760
f 1846//1846 1798//1798 1754//1754
f 1835//1835 1096//1096 1677//1677
f 1033//1033 1030//1030 940//940
f 1450//1450 1527//1527 1702//1702
f 1717//1717 376//376 1697//1697
f 1711//1711 1717//1717 1697//1697
f 1717//1717 165//165 376//376
f 1840//1840 984//984 1790//1790
f 1669//1669 1746//1746 1704//1704
f 1669//1669 1682//1682 1746//1746
f 2301//2301 2349//2349 2308//2308
f 1882//1882 1444//1444 1898//1898
f 1820//1820 1789//1789 1730//1730
f 861//861 1380//1380 1566//1566
f 2301//2301 2308//2308 2266//2266
f 1771//1771 1543//1543 1691//1691
f 1958//1958 1659//1659 1651//1651
f 1697//1697 1360//1360 1711//1711
f 1711//1711 1737//1737 1717//1717
f 1717//1717 1737//1737 165//165
f 1790//1790 1753//1753 1558//1558
f 1668//1668 1696//1696 1663//1663
f 1360//1360 1702//1702 1711//1711
f 1702//1702 1707//1707 1711//1711
f 1707//1707 1737//1737 1711//1711
f 1737//1737 1751//1751 165//165
f 1444//1444 1782//1782 1693//1693
f 1716//1716 1787//1787 1599//1599
f 1744//1744 1839//1839 1022//1022
f 1898//1898 1444//1444 1785//1785
f 206//206 1707//1707 1702//1702
f 1764//1764 2468//2468 1751//1751
f 316//316 1844//1844 893//893
f 893//893 1844//1844 915//915
f 1845//1845 1804//1804 1758//1758
f 1380//1380 861//861 1756//1756
f 1780//1780 670//670 1021//1021
f 1714//1714 2172//2172 1763//1763
f 1783//1783 1558//1558 1663//1663
f 1750//1750 2127//2127 1465//1465
f 1798//1798 1771//1771 1691//1691
f 1691//1691 1543//1543 1724//1724
f 1872//1872 1910//1910 839//839
f 1737//1737 2044//2044 1751//1751
f 1751//1751 2044//2044 1764//1764
f 1757//1757 1701//1701 482//482
f 1725//1725 1602//1602 1777//1777
f 1836//1836 1845//1845 1530//1530
f 2102//2102 2470//2470 1503//1503
f 2496//2496 1899//1899 544//544
f 763//763 2484//2484 946//946
f 987//987 1719//1719 1467//1467
f 1845//1845 1758//1758 1792//1792
f 1725//1725 1837//1837 1602//1602
f 1872//1872 1866//1866 1873//1873
f 1712//1712 1530//1530 1760//1760
f 489//489 1799//1799 216//216
f 1760//1760 861//861 1750//1750
f 2068//2068 2466//2466 2460//2460
f 1696//1696 2159//2159 2168//2168
f 377//377 1377//1377 1280//1280
f 1797//1797 1676//1676 1572//1572
f 1581//1581 2053//2053 1572//1572
f 1676//1676 1581//1581 1572//1572
f 1764//1764 2498//2498 2468//2468
f 2468//2468 2498//2498 1994//1994
f 1861//1861 1695//1695 1860//1860
f 2481//2481 2004//2004 2495//2495
f 1826//1826 1677//1677 1523//1523
f 1670//1670 1739//1739 852//852
f 2234//2234 2269//2269 2253//2253
f 1724//1724 1543//1543 1678//1678
f 1658//1658 2168//2168 1791//1791
f 1397//1397 1747//1747 1719//1719
f 1696//1696 2168//2168 1658//1658
f 979//979 519//519 272//272
f 1774//1774 1975//1975 1679//1679
f 975//975 1671//1671 932//932
f 1787//1787 1716//1716 1682//1682
f 1835//1835 1826//1826 1747//1747
f 2501//2501 2469//2469 961//961
f 1810//1810 908//908 1791//1791
f 1982//1982 1768//1768 191//191
f 1137//1137 1704//1704 1825//1825
f 1804//1804 1846//1846 1758//1758
f 2004//2004 2044//2044 1737//1737
f 913//913 1969//1969 902//902
f 2498//2498 1795//1795 1801//1801
f 915//915 1844//1844 1712//1712
f 1689//1689 915//915 1712//1712
f 1740//1740 1752//1752 1541//1541
f 695//695 661//661 199//199
f 1865//1865 1693//1693 1782//1782
f 1824//1824 1464//1464 1809//1809
f 1829//1829 1765//1765 1718//1718
f 1816//1816 1768//1768 1982//1982
f 1816//1816 1622//1622 1768//1768
f 1622//1622 2165//2165 1681//1681
f 1768//1768 1622//1622 1681//1681
f 670//670 1772//1772 228//228
f 1283//1283 1459//1459 52//52
f 1785//1785 1444//1444 1749//1749
f 1675//1675 1075//1075 1685//1685
f 1567//1567 1781//1781 1704//1704
f 1858//1858 1857//1857 1848//1848
f 1526//1526 1752//1752 1688//1688
f 1791//1791 2160//2160 1810//1810
f 908//908 1658//1658 1791//1791
f 1813//1813 1773//1773 1558//1558
f 1845//1845 1792//1792 1530//1530
f 69//69 376//376 165//165
f 3//3 1832//1832 1834//1834
f 1722//1722 1516//1516 1507//1507
f 1801//1801 1821//1821 1994//1994
f 1833//1833 1982//1982 2046//2046
f 1821//1821 1833//1833 2046//2046
f 1833//1833 1816//1816 1982//1982
f 1022//1022 1785//1785 1749//1749
f 2160//2160 2170//2170 1810//1810
f 1147//1147 1719//1719 1726//1726
f 1683//1683 1840//1840 1507//1507
f 1467//1467 1719//1719 1793//1793
f 1795//1795 1802//1802 1801//1801
f 1802//1802 1811//1811 1801//1801
f 1801//1801 1811//1811 1821//1821
f 1690//1690 2165//2165 1622//1622
f 1934//1934 1480//1480 1925//1925
f 229//229 1468//1468 1091//1091
f 1780//1780 2164//2164 1742//1742
f 1672//1672 1742//1742 858//858
f 1833//1833 1417//1417 1816//1816
f 1417//1417 1622//1622 1816//1816
f 1831//1831 2165//2165 1690//1690
f 1668//1668 1663//1663 1558//1558
f 1719//1719 1747//1747 1826//1826
f 1760//1760 1750//1750 1664//1664
f 1817//1817 1690//1690 1622//1622
f 1530//1530 1792//1792 1777//1777
f 948//948 1796//1796 1802//1802
f 1796//1796 1811//1811 1802//1802
f 1515//1515 1817//1817 1622//1622
f 1695//1695 1861//1861 1831//1831
f 1783//1783 1663//1663 1658//1658
f 1749//1749 1410//1410 1022//1022
f 854//854 1796//1796 948//948
f 1811//1811 1842//1842 1833//1833
f 1821//1821 1811//1811 1833//1833
f 1833//1833 1842//1842 1417//1417
f 1622//1622 1417//1417 1515//1515
f 127//127 1804//1804 1845//1845
f 1686//1686 1626//1626 1837//1837
f 1608//1608 1690//1690 1817//1817
f 1523//1523 1775//1775 1762//1762
f 127//127 1845//1845 1836//1836
f 1812//1812 1805//1805 1708//1708
f 1523//1523 1677//1677 1775//1775
f 1780//1780 1772//1772 670//670
f 1758//1758 1754//1754 1792//1792
f 1204//1204 1796//1796 854//854
f 1822//1822 1842//1842 1811//1811
f 1608//1608 1831//1831 1690//1690
f 1822//1822 1811//1811 1796//1796
f 1842//1842 1416//1416 1417//1417
f 1417//1417 1416//1416 1515//1515
f 1515//1515 1608//1608 1817//1817
f 1728//1728 1831//1831 1608//1608
f 908//908 1783//1783 1658//1658
f 127//127 1836//1836 316//316
f 1805//1805 1148//1148 1824//1824
f 852//852 1745//1745 1672//1672
f 1478//1478 1093//1093 1928//1928
f 1822//1822 1843//1843 1842//1842
f 1843//1843 959//959 1842//1842
f 1842//1842 959//959 1416//1416
f 1728//1728 1695//1695 1831//1831
f 1728//1728 1860//1860 1695//1695
f 2346//2346 446//446 2337//2337
f 1602//1602 1837//1837 861//861
f 1087//1087 1096//1096 1835//1835
f 1708//1708 1824//1824 1809//1809
f 2004//2004 1737//1737 505//505
f 1567//1567 1748//1748 1781//1781
f 520//520 1543//1543 1883//1883
f 1760//1760 1664//1664 1712//1712
f 128//128 1336//1336 72//72
f 2053//2053 1883//1883 1543//1543
f 1822//1822 180//180 1843//1843
f 1786//1786 1608//1608 1515//1515
f 929//929 2462//2462 519//519
f 512//512 2402//2402 506//506
f 1212//1212 1703//1703 1683//1683
f 1830//1830 1829//1829 1739//1739
f 2053//2053 1543//1543 1771//1771
f 1416//1416 1769//1769 1515//1515
f 1769//1769 1786//1786 1515//1515
f 1786//1786 1728//1728 1608//1608
f 1712//1712 1808//1808 1689//1689
f 1794//1794 1558//1558 1783//1783
f 1497//1497 1735//1735 1776//1776
f 1127//1127 1567//1567 1137//1137
f 1123//1123 1748//1748 1567//1567
f 36//36 205//205 1185//1185
f 959//959 1734//1734 1416//1416
f 1738//1738 1733//1733 1541//1541
f 1774//1774 1762//1762 1974//1974
f 1752//1752 1554//1554 1541//1541
f 1752//1752 1740//1740 1688//1688
f 1526//1526 1875//1875 1554//1554
f 1468//1468 1829//1829 1830//1830
f 1755//1755 908//908 1810//1810
f 1716//1716 1599//1599 1814//1814
f 1806//1806 1780//1780 1742//1742
f 2308//2308 2349//2349 2340//2340
f 1832//1832 915//915 1689//1689
f 1713//1713 1468//1468 1830//1830
f 1814//1814 1599//1599 1346//1346
f 1832//1832 1689//1689 1766//1766
f 1022//1022 1684//1684 1785//1785
f 1093//1093 1153//1153 1116//1116
f 1672//1672 678//678 1742//1742
f 1675//1675 1685//1685 1093//1093
f 1841//1841 1743//1743 1722//1722
f 1814//1814 2053//2053 1581//1581
f 1464//1464 1746//1746 1809//1809
f 2485//2485 2497//2497 2493//2493
f 1416//1416 1734//1734 1769//1769
f 1665//1665 1728//1728 1786//1786
f 1665//1665 1951//1951 1728//1728
f 1951//1951 1860//1860 1728//1728
f 1951//1951 2094//2094 1860//1860
f 1844//1844 1836//1836 1818//1818
f 316//316 1836//1836 1844//1844
f 1776//1776 1531//1531 1787//1787
f 1719//1719 1826//1826 1793//1793
f 2147//2147 1401//1401 29//29
f 2111//2111 2121//2121 1548//1548
f 1741//1741 1259//1259 1779//1779
f 1843//1843 347//347 1834//1834
f 1843//1843 1734//1734 959//959
f 1766//1766 1769//1769 1734//1734
f 957//957 1766//1766 1734//1734
f 1766//1766 1786//1786 1769//1769
f 1766//1766 1689//1689 1786//1786
f 1689//1689 1665//1665 1786//1786
f 1754//1754 1691//1691 1777//1777
f 1507//1507 1840//1840 1790//1790
f 1761//1761 1470//1470 1461//1461
f 1523//1523 1679//1679 1793//1793
f 1091//1091 1468//1468 1098//1098
f 1820//1820 1730//1730 1838//1838
f 1843//1843 1834//1834 1734//1734
f 1808//1808 1951//1951 1665//1665
f 1588//1588 1727//1727 1531//1531
f 893//893 915//915 1832//1832
f 1523//1523 1774//1774 1679//1679
f 272//272 2488//2488 710//710
f 1093//1093 1116//1116 1675//1675
f 2340//2340 2349//2349 2348//2348
f 1832//1832 1734//1734 1834//1834
f 1832//1832 957//957 1734//1734
f 1951//1951 1808//1808 2094//2094
f 1685//1685 1692//1692 1505//1505
f 1043//1043 295//295 698//698
f 2143//2143 1779//1779 2121//2121
f 1689//1689 1808//1808 1665//1665
f 1693//1693 1714//1714 1763//1763
f 1738//1738 2157//2157 1516//1516
f 1114//1114 1921//1921 236//236
f 1268//1268 1333//1333 1520//1520
f 1149//1149 1108//1108 431//431
f 508//508 2144//2144 1912//1912
f 1957//1957 1108//1108 1537//1537
f 431//431 1108//1108 1957//1957
f 1018//1018 1108//1108 2167//2167
f 1338//1338 1957//1957 1681//1681
f 2163//2163 1957//1957 1338//1338
f 1983//1983 1390//1390 2093//2093
f 30//30 557//557 37//37
f 1714//1714 2173//2173 2172//2172
f 1983//1983 1984//1984 1390//1390
f 1984//1984 2065//2065 1390//1390
f 884//884 1762//1762 897//897
f 2065//2065 1984//1984 1214//1214
f 1950//1950 1974//1974 1762//1762
f 884//884 1950//1950 1762//1762
f 2012//2012 1698//1698 1861//1861
f 1214//1214 2116//2116 803//803
f 1950//1950 1938//1938 1974//1974
f 1938//1938 1967//1967 1974//1974
f 1900//1900 1761//1761 1461//1461
f 865//865 1929//1929 884//884
f 884//884 1929//1929 1950//1950
f 2062//2062 2071//2071 2042//2042
f 919//919 1985//1985 1732//1732
f 1593//1593 502//502 2146//2146
f 1995//1995 1213//1213 2098//2098
f 1522//1522 2476//2476 1651//1651
f 2174//2174 1849//1849 2175//2175
f 1480//1480 1989//1989 1499//1499
f 1929//1929 1938//1938 1950//1950
f 1605//1605 2058//2058 1574//1574
f 2097//2097 1605//1605 2133//2133
f 1912//1912 2014//2014 1886//1886
f 2092//2092 2082//2082 2083//2083
f 206//206 1930//1930 505//505
f 2101//2101 2100//2100 2092//2092
f 2073//2073 2101//2101 2092//2092
f 839//839 1910//1910 865//865
f 1910//1910 1901//1901 1929//1929
f 865//865 1910//1910 1929//1929
f 1967//1967 1788//1788 1975//1975
f 2073//2073 2092//2092 2063//2063
f 2101//2101 1593//1593 2100//2100
f 2015//2015 1876//1876 1698//1698
f 1853//1853 1884//1884 2014//2014
f 1831//1831 1698//1698 2165//2165
f 1316//1316 273//273 81//81
f 1901//1901 1920//1920 1929//1929
f 1929//1929 1920//1920 1938//1938
f 1920//1920 1968//1968 1967//1967
f 1938//1938 1920//1920 1967//1967
f 1849//1849 2174//2174 1700//1700
f 2173//2173 1700//1700 2174//2174
f 2062//2062 2072//2072 2091//2091
f 803//803 2467//2467 2059//2059
f 2239//2239 1736//1736 2240//2240
f 1505//1505 1357//1357 1685//1685
f 1358//1358 1686//1686 1476//1476
f 1967//1967 1968//1968 1788//1788
f 1968//1968 1969//1969 1788//1788
f 2065//2065 2110//2110 2156//2156
f 2065//2065 1214//1214 2110//2110
f 2110//2110 1214//1214 503//503
f 273//273 2093//2093 1018//1018
f 273//273 1983//1983 2093//2093
f 532//532 1886//1886 2155//2155
f 2034//2034 2021//2021 1947//1947
f 216//216 1810//1810 585//585
f 1912//1912 543//543 2014//2014
f 1390//1390 2051//2051 1537//1537
f 1872//1872 1873//1873 1910//1910
f 1984//1984 2045//2045 1214//1214
f 597//597 1912//1912 1886//1886
f 1593//1593 2146//2146 2100//2100
f 2071//2071 2062//2062 2090//2090
f 2034//2034 2046//2046 1982//1982
f 2034//2034 1947//1947 2046//2046
f 1214//1214 2045//2045 2116//2116
f 1873//1873 1887//1887 1910//1910
f 1887//1887 1901//1901 1910//1910
f 1562//1562 1447//1447 1106//1106
f 2163//2163 431//431 1957//1957
f 1948//1948 1972//1972 1936//1936
f 1972//1972 1948//1948 1992//1992
f 2014//2014 2015//2015 2013//2013
f 1853//1853 2014//2014 2013//2013
f 1550//1550 1884//1884 1853//1853
f 1947//1947 2468//2468 1994//1994
f 1355//1355 1550//1550 2154//2154
f 1355//1355 1884//1884 1550//1550
f 2081//2081 2108//2108 2128//2128
f 2024//2024 1965//1965 1492//1492
f 2024//2024 2032//2032 1965//1965
f 2116//2116 1604//1604 803//803
f 1901//1901 1911//1911 1920//1920
f 1939//1939 1968//1968 1920//1920
f 1911//1911 1939//1939 1920//1920
f 872//872 1626//1626 1666//1666
f 2062//2062 2091//2091 2120//2120
f 1819//1819 1927//1927 1759//1759
f 1021//1021 1674//1674 1780//1780
f 872//872 1673//1673 1756//1756
f 1550//1550 501//501 2171//2171
f 1378//1378 1550//1550 2171//2171
f 2146//2146 2162//2162 2145//2145
f 1358//1358 482//482 192//192
f 2109//2109 2120//2120 2119//2119
f 1866//1866 1872//1872 2227//2227
f 1391//1391 2012//2012 1860//1860
f 2136//2136 2137//2137 2161//2161
f 2162//2162 1661//1661 236//236
f 1887//1887 1894//1894 1901//1901
f 1901//1901 1894//1894 1911//1911
f 505//505 1707//1707 206//206
f 2120//2120 2137//2137 2136//2136
f 2142//2142 2164//2164 1674//1674
f 1860//1860 2012//2012 1861//1861
f 1894//1894 1939//1939 1911//1911
f 2080//2080 2060//2060 2118//2118
f 2162//2162 236//236 508//508
f 2164//2164 1815//1815 1742//1742
f 1018//1018 2093//2093 1537//1537
f 2154//2154 1378//1378 2161//2161
f 2041//2041 2098//2098 2491//2491
f 2043//2043 2042//2042 2032//2032
f 1108//1108 1018//1018 1537//1537
f 1465//1465 2094//2094 1808//1808
f 502//502 1643//1643 1661//1661
f 2467//2467 1618//1618 1656//1656
f 2119//2119 2136//2136 2135//2135
f 2119//2119 2108//2108 2071//2071
f 878//878 1183//1183 1195//1195
f 2101//2101 1594//1594 1593//1593
f 2033//2033 2370//2370 2063//2063
f 2482//2482 2491//2491 2098//2098
f 1282//1282 2406//2406 1275//1275
f 2003//2003 1948//1948 1956//1956
f 2043//2043 2032//2032 2024//2024
f 2025//2025 2043//2043 2024//2024
f 2154//2154 1550//1550 1378//1378
f 1795//1795 2498//2498 1764//1764
f 2142//2142 1548//1548 2164//2164
f 2431//2431 2454//2454 2422//2422
f 1981//1981 2011//2011 1993//1993
f 2349//2349 2391//2391 2362//2362
f 502//502 2162//2162 2146//2146
f 2025//2025 2024//2024 2360//2360
f 2129//2129 2120//2120 2091//2091
f 1732//1732 1985//1985 2007//2007
f 2171//2171 1308//1308 209//209
f 1930//1930 1995//1995 2041//2041
f 1390//1390 1238//1238 2051//2051
f 1866//1866 1878//1878 1887//1887
f 1878//1878 1894//1894 1887//1887
f 1965//1965 2032//2032 2011//2011
f 874//874 2480//2480 2492//2492
f 2071//2071 2108//2108 2069//2069
f 1358//1358 1731//1731 482//482
f 430//430 2021//2021 2034//2034
f 1965//1965 2003//2003 1964//1964
f 1855//1855 1889//1889 831//831
f 1668//1668 1773//1773 2150//2150
f 1390//1390 2156//2156 1238//1238
f 898//898 869//869 1903//1903
f 2391//2391 2407//2407 2362//2362
f 2121//2121 2111//2111 2074//2074
f 1548//1548 1259//1259 2164//2164
f 2099//2099 2129//2129 2091//2091
f 1550//1550 1853//1853 501//501
f 1853//1853 1852//1852 501//501
f 952//952 2017//2017 969//969
f 2085//2085 2121//2121 2074//2074
f 2130//2130 2006//2006 1391//1391
f 2144//2144 1367//1367 543//543
f 2100//2100 2146//2146 2099//2099
f 1545//1545 1319//1319 113//113
f 1903//1903 1922//1922 898//898
f 1922//1922 1931//1931 898//898
f 585//585 2170//2170 1641//1641
f 2007//2007 2017//2017 952//952
f 2017//2017 2074//2074 969//969
f 1558//1558 1753//1753 1813//1813
f 837//837 2005//2005 1517//1517
f 2005//2005 2006//2006 2130//2130
f 1532//1532 1474//1474 1528//1528
f 2003//2003 1981//1981 1948//1948
f 2070//2070 2071//2071 2069//2069
f 1922//1922 919//919 1931//1931
f 2017//2017 2085//2085 2074//2074
f 2085//2085 2104//2104 2121//2121
f 2100//2100 2099//2099 2082//2082
f 2156//2156 2110//2110 2034//2034
f 505//505 2474//2474 2004//2004
f 1903//1903 871//871 1922//1922
f 1922//1922 1952//1952 919//919
f 919//919 1952//1952 1985//1985
f 1985//1985 2001//2001 2007//2007
f 2001//2001 2036//2036 2017//2017
f 2007//2007 2001//2001 2017//2017
f 2017//2017 2036//2036 2085//2085
f 2036//2036 2047//2047 2085//2085
f 2047//2047 2075//2075 2085//2085
f 2075//2075 2104//2104 2085//2085
f 1948//1948 1993//1993 2023//2023
f 2400//2400 2422//2422 2407//2407
f 2011//2011 2070//2070 1993//1993
f 2033//2033 2043//2043 2025//2025
f 2012//2012 2015//2015 1698//1698
f 1876//1876 1338//1338 2165//2165
f 871//871 1940//1940 1922//1922
f 1985//1985 1976//1976 2001//2001
f 2121//2121 2104//2104 2143//2143
f 1051//1051 1413//1413 1456//1456
f 2358//2358 1362//1362 2379//2379
f 1859//1859 1789//1789 1870//1870
f 2090//2090 2109//2109 2071//2071
f 1405//1405 1398//1398 1885//1885
f 1886//1886 1884//1884 1355//1355
f 1922//1922 1960//1960 1952//1952
f 1952//1952 1960//1960 1985//1985
f 1960//1960 1976//1976 1985//1985
f 1956//1956 1948//1948 1936//1936
f 2135//2135 209//209 2128//2128
f 2157//2157 1875//1875 1212//1212
f 2160//2160 2168//2168 2169//2169
f 1900//1900 1461//1461 1918//1918
f 2001//2001 2018//2018 2036//2036
f 2075//2075 2086//2086 2104//2104
f 2111//2111 2142//2142 2103//2103
f 1937//1937 1956//1956 1936//1936
f 2023//2023 2070//2070 2061//2061
f 2135//2135 2128//2128 2108//2108
f 2042//2042 2071//2071 2011//2011
f 2138//2138 413//413 2383//2383
f 2033//2033 2072//2072 2043//2043
f 1922//1922 1940//1940 1960//1960
f 2070//2070 2069//2069 2061//2061
f 2069//2069 2108//2108 2061//2061
f 2108//2108 2119//2119 2135//2135
f 1855//1855 1904//1904 1889//1889
f 1889//1889 1904//1904 871//871
f 871//871 1904//1904 1940//1940
f 1976//1976 2018//2018 2001//2001
f 2036//2036 2018//2018 2047//2047
f 2122//2122 2143//2143 2104//2104
f 216//216 1642//1642 489//489
f 2148//2148 984//984 2143//2143
f 1975//1975 1974//1974 1967//1967
f 2157//2157 1683//1683 1516//1516
f 1614//1614 1593//1593 1594//1594
f 2269//2269 2270//2270 2276//2276
f 1926//1926 2147//2147 29//29
f 2082//2082 2091//2091 2072//2072
f 430//430 503//503 2059//2059
f 1904//1904 1905//1905 1940//1940
f 1940//1940 1961//1961 1960//1960
f 1961//1961 1976//1976 1960//1960
f 2087//2087 2086//2086 2075//2075
f 2065//2065 2156//2156 1390//1390
f 1820//1820 1838//1838 1900//1900
f 534//534 1308//1308 837//837
f 2167//2167 273//273 1018//1018
f 831//831 1850//1850 1855//1855
f 2019//2019 2037//2037 2018//2018
f 2018//2018 2037//2037 2047//2047
f 2037//2037 2075//2075 2047//2047
f 2086//2086 2095//2095 2104//2104
f 2095//2095 2122//2122 2104//2104
f 2122//2122 2148//2148 2143//2143
f 1926//1926 1213//1213 1995//1995
f 1405//1405 1885//1885 1761//1761
f 2006//2006 2013//2013 2012//2012
f 2211//2211 2233//2233 2216//2216
f 1855//1855 1890//1890 1904//1904
f 1904//1904 1895//1895 1905//1905
f 1905//1905 1932//1932 1940//1940
f 1961//1961 1977//1977 1976//1976
f 1976//1976 1986//1986 2018//2018
f 2484//2484 2476//2476 1518//1518
f 1870//1870 1411//1411 1859//1859
f 1548//1548 2142//2142 2111//2111
f 1904//1904 1890//1890 1895//1895
f 1895//1895 1932//1932 1905//1905
f 1940//1940 1932//1932 1961//1961
f 1976//1976 1977//1977 1986//1986
f 1986//1986 2008//2008 2018//2018
f 2018//2018 2008//2008 2019//2019
f 2087//2087 2075//2075 2037//2037
f 2087//2087 2095//2095 2086//2086
f 2094//2094 1391//1391 1860//1860
f 1852//1852 1853//1853 2006//2006
f 1853//1853 2013//2013 2006//2006
f 929//929 979//979 850//850
f 1855//1855 1874//1874 1890//1890
f 2008//2008 2028//2028 2019//2019
f 1993//1993 2070//2070 2023//2023
f 1705//1705 1799//1799 1998//1998
f 1491//1491 2147//2147 206//206
f 1851//1851 1856//1856 1855//1855
f 1895//1895 1890//1890 1874//1874
f 2038//2038 2019//2019 2028//2028
f 2038//2038 2048//2048 2037//2037
f 2019//2019 2038//2038 2037//2037
f 2048//2048 2067//2067 2087//2087
f 2037//2037 2048//2048 2087//2087
f 2087//2087 2067//2067 2095//2095
f 2095//2095 2149//2149 2122//2122
f 2149//2149 2148//2148 2122//2122
f 1308//1308 2005//2005 837//837
f 209//209 1308//1308 1387//1387
f 1601//1601 2102//2102 1927//1927
f 254//254 170//170 201//201
f 1800//1800 1403//1403 1763//1763
f 1510//1510 1346//1346 1740//1740
f 870//870 871//871 1903//1903
f 1919//1919 1650//1650 1619//1619
f 2148//2148 1667//1667 1753//1753
f 1932//1932 1923//1923 1961//1961
f 1977//1977 1953//1953 1986//1986
f 2067//2067 2112//2112 2095//2095
f 2112//2112 2149//2149 2095//2095
f 2148//2148 2149//2149 1667//1667
f 2422//2422 2421//2421 2407//2407
f 1926//1926 2026//2026 1213//1213
f 1912//1912 2144//2144 543//543
f 2128//2128 1387//1387 2153//2153
f 1733//1733 1510//1510 1740//1740
f 990//990 853//853 2489//2489
f 503//503 1214//1214 803//803
f 1921//1921 431//431 2163//2163
f 2146//2146 2145//2145 2129//2129
f 2144//2144 1921//1921 2163//2163
f 1855//1855 1856//1856 1874//1874
f 1895//1895 1923//1923 1932//1932
f 1923//1923 1941//1941 1961//1961
f 1961//1961 1941//1941 1977//1977
f 2048//2048 2076//2076 2067//2067
f 2076//2076 2113//2113 2067//2067
f 2067//2067 2113//2113 2112//2112
f 1723//1723 1900//1900 1937//1937
f 1870//1870 1900//1900 1723//1723
f 1367//1367 2163//2163 1338//1338
f 520//520 1346//1346 1510//1510
f 1698//1698 1831//1831 1861//1861
f 1984//1984 1919//1919 2045//2045
f 1895//1895 1891//1891 1923//1923
f 2008//2008 1986//1986 2028//2028
f 1948//1948 1981//1981 1993//1993
f 1883//1883 1346//1346 520//520
f 1883//1883 1814//1814 1346//1346
f 1930//1930 206//206 2147//2147
f 2499//2499 2486//2486 1447//1447
f 1891//1891 1906//1906 1923//1923
f 1923//1923 1953//1953 1941//1941
f 1953//1953 1977//1977 1941//1941
f 1953//1953 1987//1987 1986//1986
f 2113//2113 2123//2123 2112//2112
f 2123//2123 2149//2149 2112//2112
f 1387//1387 1308//1308 1226//1226
f 1599//1599 1688//1688 1346//1346
f 2093//2093 1390//1390 1537//1537
f 2003//2003 2011//2011 1981//1981
f 1987//1987 2028//2028 1986//1986
f 2038//2038 2049//2049 2048//2048
f 2048//2048 2049//2049 2076//2076
f 1813//1813 1667//1667 2149//2149
f 2123//2123 1813//1813 2149//2149
f 1461//1461 1469//1469 1964//1964
f 1757//1757 1510//1510 1743//1743
f 505//505 1930//1930 1999//1999
f 2223//2223 1784//1784 1789//1789
f 1532//1532 1522//1522 1651//1651
f 1906//1906 1913//1913 1923//1923
f 1913//1913 1943//1943 1923//1923
f 1943//1943 1942//1942 1923//1923
f 1923//1923 1942//1942 1953//1953
f 1942//1942 1987//1987 1953//1953
f 1308//1308 1852//1852 2005//2005
f 2053//2053 1814//1814 1883//1883
f 1733//1733 1740//1740 1541//1541
f 2154//2154 1886//1886 1355//1355
f 1503//1503 1528//1528 1474//1474
f 1874//1874 1879//1879 1895//1895
f 1895//1895 1879//1879 1891//1891
f 2076//2076 2124//2124 2113//2113
f 2113//2113 2124//2124 2123//2123
f 1896//1896 1891//1891 1879//1879
f 1891//1891 1896//1896 1906//1906
f 1942//1942 1962//1962 1987//1987
f 1962//1962 2009//2009 2028//2028
f 1987//1987 1962//1962 2028//2028
f 2009//2009 2038//2038 2028//2028
f 2109//2109 2119//2119 2071//2071
f 1918//1918 1956//1956 1937//1937
f 1851//1851 1864//1864 1856//1856
f 1896//1896 1897//1897 1906//1906
f 1906//1906 1897//1897 1913//1913
f 1943//1943 1962//1962 1942//1942
f 2049//2049 2077//2077 2076//2076
f 2124//2124 2125//2125 2123//2123
f 1930//1930 2147//2147 1926//1926
f 1902//1902 1894//1894 1878//1878
f 482//482 1510//1510 1757//1757
f 2129//2129 2137//2137 2120//2120
f 503//503 803//803 2059//2059
f 1847//1847 1857//1857 1851//1851
f 1851//1851 1857//1857 1864//1864
f 2039//2039 2038//2038 2009//2009
f 2038//2038 2039//2039 2049//2049
f 2076//2076 2077//2077 2124//2124
f 2150//2150 1813//1813 2123//2123
f 482//482 520//520 1510//1510
f 1994//1994 1821//1821 2046//2046
f 2044//2044 2004//2004 1764//1764
f 1864//1864 1867//1867 1856//1856
f 1867//1867 1874//1874 1856//1856
f 1897//1897 1944//1944 1913//1913
f 1943//1943 1944//1944 1962//1962
f 2124//2124 2126//2126 2125//2125
f 2150//2150 2123//2123 2125//2125
f 2099//2099 2146//2146 2129//2129
f 2041//2041 1995//1995 2098//2098
f 1605//1605 1641//1641 2151//2151
f 1847//1847 1959//1959 1857//1857
f 1874//1874 1867//1867 1879//1879
f 1913//1913 1944//1944 1943//1943
f 1944//1944 1963//1963 1962//1962
f 2077//2077 2096//2096 2124//2124
f 2096//2096 2126//2126 2124//2124
f 2126//2126 2150//2150 2125//2125
f 941//941 1650//1650 1919//1919
f 2135//2135 2136//2136 209//209
f 1884//1884 1886//1886 2014//2014
f 2049//2049 2029//2029 2077//2077
f 1388//1388 2127//2127 1389//1389
f 1389//1389 2127//2127 1566//1566
f 1930//1930 1926//1926 1995//1995
f 941//941 1919//1919 1316//1316
f 2110//2110 503//503 430//430
f 1867//1867 1880//1880 1879//1879
f 1879//1879 1880//1880 1896//1896
f 1897//1897 1907//1907 1944//1944
f 1963//1963 1978//1978 1962//1962
f 1962//1962 1978//1978 2009//2009
f 2039//2039 2029//2029 2049//2049
f 2077//2077 2078//2078 2096//2096
f 822//822 823//823 827//827
f 2166//2166 1668//1668 2150//2150
f 81//81 941//941 1316//1316
f 2204//2204 2216//2216 2203//2203
f 2011//2011 2071//2071 2070//2070
f 1880//1880 1892//1892 1896//1896
f 1892//1892 1907//1907 1897//1897
f 1896//1896 1892//1892 1897//1897
f 1907//1907 1914//1914 1944//1944
f 1978//1978 2010//2010 2009//2009
f 2010//2010 2039//2039 2009//2009
f 1688//1688 1740//1740 1346//1346
f 1789//1789 1820//1820 1870//1870
f 2130//2130 1391//1391 2094//2094
f 1944//1944 1945//1945 1963//1963
f 2029//2029 2078//2078 2077//2077
f 1767//1767 2150//2150 2126//2126
f 1767//1767 2166//2166 2150//2150
f 803//803 2022//2022 2467//2467
f 1503//1503 1927//1927 2102//2102
f 1914//1914 1954//1954 1944//1944
f 1944//1944 1954//1954 1945//1945
f 1963//1963 1970//1970 1978//1978
f 2078//2078 2105//2105 2096//2096
f 2105//2105 2126//2126 2096//2096
f 1965//1965 2011//2011 2003//2003
f 192//192 1626//1626 1358//1358
f 2101//2101 1559//1559 1594//1594
f 1930//1930 2041//2041 1999//1999
f 1698//1698 1876//1876 2165//2165
f 1398//1398 1871//1871 891//891
f 2165//2165 1338//1338 1681//1681
f 1970//1970 2010//2010 1978//1978
f 2010//2010 2030//2030 2029//2029
f 2039//2039 2010//2010 2029//2029
f 2030//2030 2055//2055 2078//2078
f 2029//2029 2030//2030 2078//2078
f 1849//1849 1848//1848 2175//2175
f 1871//1871 1862//1862 891//891
f 543//543 2015//2015 2014//2014
f 1857//1857 1858//1858 1864//1864
f 1864//1864 1858//1858 1867//1867
f 1963//1963 1945//1945 1970//1970
f 2055//2055 2088//2088 2078//2078
f 2078//2078 2088//2088 2105//2105
f 2105//2105 2131//2131 2126//2126
f 2126//2126 2131//2131 1767//1767
f 2063//2063 2083//2083 2033//2033
f 2161//2161 2171//2171 209//209
f 2032//2032 2042//2042 2011//2011
f 1813//1813 2150//2150 1773//1773
f 1914//1914 1908//1908 1954//1954
f 1970//1970 1979//1979 2010//2010
f 2088//2088 2131//2131 2105//2105
f 2015//2015 543//543 1876//1876
f 1694//1694 1692//1692 1048//1048
f 1395//1395 2207//2207 1859//1859
f 1395//1395 1393//1393 2207//2207
f 1730//1730 1784//1784 1736//1736
f 2500//2500 2466//2466 2470//2470
f 1709//1709 1701//1701 1757//1757
f 1945//1945 1979//1979 1970//1970
f 2030//2030 2050//2050 2055//2055
f 2350//2350 2317//2317 2286//2286
f 2154//2154 2155//2155 1886//1886
f 871//871 860//860 1889//1889
f 2161//2161 209//209 2136//2136
f 2497//2497 2463//2463 2493//2493
f 2190//2190 2204//2204 2203//2203
f 1800//1800 2179//2179 1404//1404
f 2477//2477 2469//2469 1385//1385
f 1385//1385 1715//1715 2477//2477
f 2128//2128 209//209 1387//1387
f 1858//1858 1868//1868 1867//1867
f 1867//1867 1881//1881 1880//1880
f 1893//1893 1892//1892 1880//1880
f 1881//1881 1893//1893 1880//1880
f 1893//1893 1907//1907 1892//1892
f 1907//1907 1908//1908 1914//1914
f 1954//1954 1979//1979 1945//1945
f 1979//1979 1980//1980 2010//2010
f 2131//2131 2159//2159 1767//1767
f 1765//1765 93//93 339//339
f 1761//1761 1877//1877 1405//1405
f 523//523 1347//1347 515//515
f 1541//1541 2157//2157 1738//1738
f 2144//2144 2163//2163 1367//1367
f 1380//1380 1389//1389 1566//1566
f 2317//2317 2392//2392 2316//2316
f 1994//1994 2498//2498 1801//1801
f 1867//1867 1868//1868 1881//1881
f 1980//1980 2050//2050 2030//2030
f 2010//2010 1980//1980 2030//2030
f 2050//2050 2089//2089 2055//2055
f 2055//2055 2089//2089 2088//2088
f 2088//2088 2114//2114 2131//2131
f 1538//1538 1651//1651 1659//1659
f 2145//2145 2155//2155 2129//2129
f 2140//2140 29//29 1928//1928
f 2370//2370 2033//2033 2025//2025
f 2252//2252 2239//2239 2240//2240
f 2239//2239 2252//2252 1862//1862
f 2392//2392 2391//2391 2316//2316
f 2469//2469 2501//2501 1385//1385
f 2477//2477 1715//1715 1710//1710
f 502//502 1614//1614 1643//1643
f 2438//2438 1227//1227 2431//2431
f 1915//1915 1907//1907 1893//1893
f 1915//1915 1908//1908 1907//1907
f 1954//1954 1908//1908 1979//1979
f 1908//1908 1988//1988 1979//1979
f 1979//1979 1988//1988 1980//1980
f 2114//2114 2159//2159 2131//2131
f 2155//2155 2154//2154 2129//2129
f 508//508 1966//1966 2144//2144
f 872//872 1756//1756 1626//1626
f 1710//1710 1715//1715 1505//1505
f 236//236 1966//1966 508//508
f 2272//2272 2284//2284 1398//1398
f 2325//2325 2355//2355 2319//2319
f 1548//1548 2121//2121 1779//1779
f 1532//1532 1528//1528 1522//1522
f 1980//1980 2056//2056 2050//2050
f 2050//2050 2056//2056 2089//2089
f 2013//2013 2015//2015 2012//2012
f 1964//1964 2003//2003 1956//1956
f 2006//2006 2012//2012 1391//1391
f 1565//1565 1927//1927 1503//1503
f 2244//2244 2243//2243 2226//2226
f 5//5 1715//1715 1385//1385
f 1858//1858 1848//1848 1868//1868
f 1915//1915 1946//1946 1908//1908
f 1946//1946 1988//1988 1908//1908
f 1980//1980 2020//2020 2056//2056
f 2115//2115 2159//2159 2114//2114
f 2092//2092 2083//2083 2063//2063
f 1398//1398 2284//2284 1687//1687
f 2162//2162 2155//2155 2145//2145
f 519//519 2475//2475 2488//2488
f 2158//2158 5//5 1385//1385
f 5//5 1505//1505 1715//1715
f 1692//1692 1694//1694 1505//1505
f 1988//1988 2020//2020 1980//1980
f 2115//2115 2169//2169 2159//2159
f 2169//2169 2168//2168 2159//2159
f 2083//2083 2082//2082 2072//2072
f 1316//1316 1984//1984 1983//1983
f 1488//1488 1619//1619 1650//1650
f 2083//2083 2072//2072 2033//2033
f 2361//2361 1210//1210 1233//1233
f 1933//1933 1946//1946 1915//1915
f 2056//2056 2079//2079 2089//2089
f 2088//2088 2115//2115 2114//2114
f 2099//2099 2091//2091 2082//2082
f 2162//2162 532//532 2155//2155
f 1852//1852 2006//2006 2005//2005
f 2023//2023 2061//2061 2052//2052
f 2176//2176 2184//2184 2175//2175
f 2162//2162 985//985 532//532
f 1909//1909 1893//1893 1881//1881
f 1909//1909 1915//1915 1893//1893
f 1988//1988 2040//2040 2020//2020
f 2040//2040 2056//2056 2020//2020
f 2089//2089 2079//2079 2088//2088
f 2088//2088 2079//2079 2115//2115
f 1782//1782 1444//1444 1882//1882
f 1216//1216 1215//1215 2320//2320
f 867//867 1939//1939 1894//1894
f 867//867 903//903 1939//1939
f 1372//1372 2398//2398 1379//1379
f 1863//1863 504//504 2027//2027
f 2158//2158 1385//1385 504//504
f 1868//1868 1782//1782 1881//1881
f 1909//1909 1933//1933 1915//1915
f 2040//2040 1988//1988 1946//1946
f 1481//1481 2024//2024 1492//1492
f 2120//2120 2136//2136 2119//2119
f 1522//1522 1528//1528 1518//1518
f 1871//1871 1398//1398 1405//1405
f 1221//1221 1408//1408 1399//1399
f 1357//1357 5//5 2158//2158
f 2179//2179 1800//1800 1763//1763
f 1868//1868 1865//1865 1782//1782
f 1882//1882 1881//1881 1782//1782
f 1882//1882 1909//1909 1881//1881
f 2040//2040 2057//2057 2056//2056
f 2106//2106 2079//2079 2056//2056
f 2057//2057 2106//2106 2056//2056
f 2106//2106 2132//2132 2079//2079
f 2132//2132 2115//2115 2079//2079
f 2115//2115 2132//2132 2169//2169
f 532//532 985//985 597//597
f 2092//2092 2100//2100 2082//2082
f 1210//1210 1221//1221 1399//1399
f 1399//1399 1233//1233 1210//1210
f 2130//2130 2002//2002 1517//1517
f 1849//1849 1865//1865 1868//1868
f 1933//1933 2040//2040 1946//1946
f 52//52 1269//1269 30//30
f 1667//1667 1813//1813 1753//1753
f 1997//1997 1380//1380 1673//1673
f 940//940 1008//1008 1088//1088
f 1947//1947 1994//1994 2046//2046
f 1882//1882 1916//1916 1909//1909
f 1924//1924 1933//1933 1909//1909
f 1533//1533 2040//2040 1933//1933
f 1533//1533 1534//1534 2040//2040
f 2058//2058 2040//2040 1534//1534
f 2058//2058 2057//2057 2040//2040
f 1238//1238 191//191 1768//1768
f 1997//1997 1389//1389 1380//1380
f 1875//1875 1541//1541 1554//1554
f 1854//1854 504//504 1863//1863
f 1854//1854 2158//2158 504//504
f 2396//2396 1275//1275 2406//2406
f 2426//2426 2443//2443 153//153
f 1916//1916 1924//1924 1909//1909
f 1925//1925 1935//1935 1934//1934
f 1870//1870 1723//1723 1426//1426
f 2058//2058 2097//2097 2057//2057
f 2097//2097 2106//2106 2057//2057
f 2132//2132 2151//2151 2169//2169
f 2151//2151 2160//2160 2169//2169
f 1106//1106 1635//1635 1562//1562
f 1957//1957 1768//1768 1681//1681
f 1957//1957 2051//2051 1768//1768
f 526//526 535//535 33//33
f 1614//1614 1594//1594 1609//1609
f 2233//2233 2229//2229 2216//2216
f 2496//2496 2027//2027 2084//2084
f 2496//2496 1863//1863 2027//2027
f 2117//2117 1854//1854 1863//1863
f 2016//2016 2158//2158 1854//1854
f 2016//2016 1504//1504 1357//1357
f 2158//2158 2016//2016 1357//1357
f 1114//1114 236//236 1661//1661
f 2129//2129 2154//2154 2137//2137
f 2133//2133 2106//2106 2097//2097
f 2491//2491 1999//1999 2041//2041
f 2051//2051 1238//1238 1768//1768
f 2061//2061 2108//2108 2081//2081
f 2189//2189 2195//2195 2186//2186
f 2348//2348 2349//2349 2362//2362
f 1701//1701 192//192 482//482
f 505//505 1737//1737 1707//1707
f 2133//2133 2132//2132 2106//2106
f 2132//2132 2133//2133 2151//2151
f 2151//2151 2170//2170 2160//2160
f 502//502 1661//1661 2162//2162
f 1998//1998 1389//1389 1997//1997
f 2297//2297 2352//2352 2329//2329
f 2352//2352 2364//2364 2329//2329
f 2394//2394 2414//2414 2364//2364
f 2352//2352 2394//2394 2364//2364
f 2402//2402 512//512 2415//2415
f 2255//2255 2254//2254 2243//2243
f 2446//2446 1365//1365 2456//2456
f 2271//2271 2282//2282 2298//2298
f 846//846 2283//2283 2264//2264
f 2293//2293 2310//2310 2318//2318
f 2254//2254 2295//2295 2294//2294
f 2283//2283 2290//2290 2278//2278
f 2270//2270 2294//2294 2293//2293
f 2423//2423 2455//2455 2400//2400
f 2281//2281 2287//2287 2267//2267
f 2190//2190 2191//2191 2204//2204
f 2271//2271 2263//2263 2282//2282
f 2334//2334 2329//2329 2364//2364
f 2424//2424 2432//2432 2409//2409
f 2282//2282 2263//2263 2298//2298
f 1409//1409 1659//1659 1958//1958
f 2263//2263 2302//2302 2298//2298
f 2297//2297 2329//2329 2296//2296
f 1256//1256 446//446 2346//2346
f 1958//1958 2502//2502 2478//2478
f 2437//2437 2399//2399 2444//2444
f 263//263 2366//2366 2359//2359
f 849//849 827//827 823//823
f 2311//2311 2325//2325 2290//2290
f 2499//2499 2379//2379 2434//2434
f 2446//2446 2456//2456 2423//2423
f 947//947 2358//2358 2379//2379
f 2499//2499 947//947 2379//2379
f 2205//2205 2195//2195 2212//2212
f 2245//2245 2237//2237 2227//2227
f 2245//2245 2256//2256 2237//2237
f 2256//2256 2263//2263 2271//2271
f 556//556 571//571 2305//2305
f 1528//1528 2068//2068 1518//1518
f 2424//2424 2439//2439 2432//2432
f 2302//2302 2352//2352 2297//2297
f 1866//1866 2237//2237 826//826
f 2248//2248 2242//2242 2211//2211
f 2334//2334 2364//2364 2363//2363
f 2235//2235 2244//2244 2226//2226
f 2255//2255 2295//2295 2254//2254
f 2329//2329 2324//2324 2296//2296
f 2439//2439 2447//2447 1973//1973
f 2329//2329 2334//2334 2324//2324
f 2409//2409 2432//2432 2414//2414
f 2293//2293 2318//2318 2276//2276
f 866//866 2425//2425 2416//2416
f 1487//1487 1493//1493 2372//2372
f 2237//2237 2231//2231 2230//2230
f 2415//2415 512//512 17//17
f 2035//2035 1236//1236 26//26
f 921//921 2138//2138 688//688
f 2491//2491 2482//2482 2462//2462
f 6//6 181//181 197//197
f 2481//2481 948//948 1795//1795
f 2138//2138 2383//2383 2382//2382
f 2377//2377 2394//2394 2352//2352
f 2377//2377 506//506 2394//2394
f 2394//2394 506//506 2402//2402
f 2401//2401 2402//2402 2415//2415
f 2394//2394 2402//2402 2401//2401
f 2318//2318 2326//2326 2276//2276
f 2439//2439 2457//2457 2432//2432
f 2298//2298 2302//2302 2297//2297
f 2244//2244 2249//2249 2243//2243
f 2404//2404 1100//1100 2382//2382
f 2238//2238 2245//2245 2227//2227
f 2245//2245 2257//2257 2256//2256
f 2257//2257 2263//2263 2256//2256
f 2324//2324 2334//2334 2328//2328
f 2257//2257 2289//2289 2263//2263
f 2289//2289 2302//2302 2263//2263
f 2236//2236 2231//2231 2250//2250
f 2138//2138 2382//2382 688//688
f 2383//2383 2404//2404 2382//2382
f 1100//1100 2404//2404 2343//2343
f 2353//2353 2352//2352 2302//2302
f 2353//2353 2377//2377 2352//2352
f 2237//2237 2230//2230 2220//2220
f 2335//2335 2355//2355 2325//2325
f 2308//2308 2340//2340 2315//2315
f 2253//2253 2269//2269 2276//2276
f 2311//2311 2335//2335 2325//2325
f 2439//2439 2424//2424 511//511
f 2268//2268 2267//2267 2248//2248
f 2383//2383 413//413 2404//2404
f 123//123 971//971 832//832
f 2234//2234 2243//2243 2269//2269
f 2225//2225 2213//2213 2234//2234
f 2219//2219 2213//2213 2225//2225
f 2195//2195 2196//2196 2212//2212
f 1544//1544 2418//2418 1549//1549
f 413//413 866//866 2404//2404
f 2404//2404 866//866 2416//2416
f 2416//2416 2417//2417 2404//2404
f 2404//2404 2417//2417 2343//2343
f 2415//2415 2409//2409 2401//2401
f 2196//2196 2219//2219 2212//2212
f 2268//2268 2248//2248 2218//2218
f 2206//2206 2214//2214 2197//2197
f 2417//2417 2332//2332 2343//2343
f 2343//2343 2332//2332 832//832
f 2330//2330 2302//2302 2289//2289
f 2330//2330 2353//2353 2302//2302
f 2453//2453 2454//2454 515//515
f 2218//2218 2248//2248 2217//2217
f 2218//2218 2217//2217 2205//2205
f 2276//2276 2281//2281 2268//2268
f 2178//2178 2197//2197 2177//2177
f 2197//2197 2189//2189 2177//2177
f 2332//2332 2066//2066 832//832
f 832//832 2066//2066 123//123
f 2231//2231 2236//2236 2230//2230
f 669//669 950//950 1144//1144
f 2217//2217 2211//2211 2199//2199
f 1216//1216 1209//1209 1217//1217
f 2066//2066 2365//2365 123//123
f 2230//2230 2226//2226 2214//2214
f 2290//2290 2325//2325 2304//2304
f 2325//2325 2319//2319 2304//2304
f 2217//2217 2248//2248 2211//2211
f 2191//2191 2192//2192 2199//2199
f 510//510 525//525 2035//2035
f 2417//2417 1917//1917 2332//2332
f 2332//2332 1917//1917 2066//2066
f 2408//2408 2413//2413 2341//2341
f 2248//2248 2267//2267 2242//2242
f 2326//2326 2333//2333 2281//2281
f 1340//1340 2365//2365 2066//2066
f 2440//2440 1302//1302 1340//1340
f 2226//2226 2230//2230 2235//2235
f 1153//1153 1163//1163 1116//1116
f 2431//2431 2455//2455 2438//2438
f 2416//2416 2425//2425 2417//2417
f 2495//2495 2474//2474 2462//2462
f 2290//2290 2304//2304 2277//2277
f 825//825 2227//2227 1872//1872
f 151//151 239//239 1038//1038
f 9//9 151//151 1038//1038
f 545//545 928//928 2381//2381
f 2440//2440 2406//2406 1384//1384
f 928//928 1596//1596 2381//2381
f 2186//2186 2188//2188 2185//2185
f 2456//2456 26//26 1888//1888
f 2287//2287 2333//2333 2262//2262
f 2425//2425 2342//2342 2417//2417
f 2342//2342 1917//1917 2417//2417
f 1917//1917 877//877 2066//2066
f 2336//2336 1340//1340 2066//2066
f 2336//2336 2440//2440 1340//1340
f 2328//2328 2351//2351 2327//2327
f 825//825 2238//2238 2227//2227
f 2351//2351 2368//2368 2327//2327
f 1222//1222 2388//2388 1211//1211
f 678//678 756//756 734//734
f 428//428 263//263 1343//1343
f 2188//2188 2191//2191 2190//2190
f 2341//2341 2376//2376 2333//2333
f 2066//2066 877//877 2336//2336
f 2290//2290 2277//2277 2278//2278
f 739//739 634//634 592//592
f 675//675 304//304 14//14
f 2384//2384 675//675 14//14
f 2199//2199 2211//2211 2204//2204
f 2191//2191 2199//2199 2204//2204
f 2322//2322 2318//2318 2310//2310
f 2287//2287 2262//2262 2233//2233
f 2185//2185 2188//2188 2184//2184
f 2386//2386 2425//2425 845//845
f 2384//2384 572//572 675//675
f 1128//1128 123//123 2365//2365
f 832//832 971//971 2343//2343
f 2188//2188 2186//2186 2191//2191
f 2185//2185 2184//2184 2176//2176
f 2345//2345 1917//1917 2342//2342
f 2345//2345 877//877 1917//1917
f 2336//2336 2406//2406 2440//2440
f 971//971 1100//1100 2343//2343
f 2299//2299 2289//2289 2257//2257
f 2299//2299 2303//2303 2289//2289
f 2249//2249 2255//2255 2243//2243
f 506//506 513//513 512//512
f 2437//2437 955//955 1219//1219
f 1587//1587 2398//2398 1324//1324
f 877//877 2396//2396 2336//2336
f 2336//2336 2396//2396 2406//2406
f 2463//2463 2479//2479 879//879
f 2376//2376 2412//2412 2350//2350
f 2281//2281 2267//2267 2268//2268
f 2303//2303 2330//2330 2289//2289
f 624//624 635//635 159//159
f 1996//1996 2356//2356 1561//1561
f 2449//2449 2436//2436 1996//1996
f 2356//2356 2054//2054 2451//2451
f 928//928 2398//2398 1587//1587
f 2333//2333 2350//2350 2262//2262
f 2035//2035 26//26 2456//2456
f 2346//2346 2342//2342 2425//2425
f 2346//2346 2345//2345 2342//2342
f 1544//1544 2380//2380 2418//2418
f 2412//2412 2392//2392 2350//2350
f 622//622 509//509 1151//1151
f 2436//2436 2054//2054 1996//1996
f 545//545 2451//2451 928//928
f 2326//2326 2341//2341 2333//2333
f 2346//2346 2425//2425 2386//2386
f 1365//1365 2035//2035 2456//2456
f 2369//2369 2377//2377 2353//2353
f 2369//2369 506//506 2377//2377
f 2451//2451 900//900 928//928
f 900//900 2398//2398 928//928
f 1235//1235 1888//1888 1244//1244
f 2337//2337 2345//2345 2346//2346
f 877//877 772//772 2396//2396
f 772//772 1275//1275 2396//2396
f 2432//2432 2446//2446 2414//2414
f 2294//2294 2295//2295 2310//2310
f 2369//2369 2330//2330 828//828
f 2418//2418 2419//2419 2436//2436
f 2450//2450 2429//2429 2436//2436
f 2436//2436 2429//2429 2054//2054
f 2490//2490 2494//2494 1656//1656
f 1321//1321 155//155 2338//2338
f 1256//1256 2346//2346 2386//2386
f 2448//2448 877//877 2345//2345
f 877//877 2448//2448 772//772
f 2446//2446 2423//2423 2414//2414
f 2351//2351 2334//2334 2363//2363
f 2243//2243 2254//2254 2269//2269
f 2380//2380 2419//2419 2418//2418
f 2419//2419 2450//2450 2436//2436
f 2283//2283 2278//2278 2264//2264
f 822//822 2197//2197 823//823
f 1008//1008 1759//1759 1565//1565
f 2448//2448 2345//2345 2337//2337
f 2270//2270 2293//2293 2276//2276
f 2323//2323 2324//2324 2328//2328
f 2429//2429 1012//1012 2054//2054
f 2226//2226 2243//2243 2213//2213
f 2395//2395 325//325 772//772
f 2370//2370 2367//2367 2380//2380
f 2054//2054 2435//2435 2451//2451
f 2435//2435 2397//2397 2451//2451
f 2451//2451 2397//2397 900//900
f 1774//1774 1974//1974 1975//1975
f 2305//2305 2290//2290 2283//2283
f 846//846 2305//2305 2283//2283
f 2320//2320 1215//1215 2285//2285
f 2139//2139 2448//2448 2337//2337
f 2448//2448 2395//2395 772//772
f 1232//1232 1231//1231 1216//1216
f 2272//2272 2285//2285 2284//2284
f 2367//2367 2371//2371 2380//2380
f 2371//2371 2405//2405 2380//2380
f 2380//2380 2405//2405 2419//2419
f 2419//2419 2429//2429 2450//2450
f 2429//2429 176//176 1012//1012
f 2397//2397 2373//2373 900//900
f 2373//2373 2398//2398 900//900
f 2373//2373 1379//1379 2398//2398
f 2372//2372 1500//1500 1508//1508
f 1133//1133 1303//1303 1142//1142
f 2252//2252 2273//2273 2272//2272
f 891//891 2252//2252 2272//2272
f 2419//2419 2405//2405 2429//2429
f 2405//2405 2430//2430 2429//2429
f 2429//2429 2430//2430 176//176
f 2189//2189 2186//2186 2181//2181
f 2212//2212 2219//2219 2218//2218
f 2312//2312 2139//2139 2337//2337
f 2139//2139 2384//2384 2448//2448
f 2448//2448 2384//2384 2395//2395
f 899//899 855//855 843//843
f 2272//2272 2273//2273 2285//2285
f 2331//2331 2303//2303 2299//2299
f 176//176 2435//2435 2054//2054
f 1012//1012 176//176 2054//2054
f 2177//2177 2185//2185 2176//2176
f 2218//2218 2219//2219 2225//2225
f 1216//1216 1220//1220 1215//1215
f 2378//2378 2139//2139 2312//2312
f 2384//2384 14//14 2395//2395
f 2324//2324 2295//2295 2255//2255
f 2240//2240 2273//2273 2252//2252
f 2371//2371 2387//2387 2405//2405
f 2410//2410 2430//2430 2405//2405
f 2430//2430 2442//2442 176//176
f 2435//2435 2344//2344 2397//2397
f 2397//2397 2344//2344 2373//2373
f 2456//2456 1888//1888 2455//2455
f 2242//2242 2267//2267 2233//2233
f 2233//2233 2262//2262 2229//2229
f 2378//2378 2384//2384 2139//2139
f 2323//2323 2310//2310 2295//2295
f 2323//2323 2322//2322 2310//2310
f 2240//2240 2274//2274 2273//2273
f 974//974 841//841 990//990
f 2490//2490 1447//1447 2486//2486
f 2387//2387 2410//2410 2405//2405
f 2442//2442 2141//2141 176//176
f 2344//2344 1778//1778 2373//2373
f 972//972 1379//1379 2373//2373
f 1778//1778 972//972 2373//2373
f 1379//1379 972//972 428//428
f 1211//1211 2437//2437 1223//1223
f 1228//1228 1215//1215 1220//1220
f 702//702 2378//2378 2312//2312
f 17//17 518//518 2415//2415
f 1888//1888 26//26 1244//1244
f 2324//2324 2323//2323 2295//2295
f 2305//2305 2311//2311 2290//2290
f 2307//2307 2285//2285 2273//2273
f 2274//2274 2307//2307 2273//2273
f 2307//2307 2320//2320 2285//2285
f 2369//2369 531//531 506//506
f 2435//2435 2258//2258 2344//2344
f 2296//2296 2324//2324 2288//2288
f 1233//1233 1217//1217 2361//2361
f 2360//2360 2371//2371 2367//2367
f 2410//2410 2442//2442 2430//2430
f 176//176 2141//2141 2258//2258
f 176//176 2258//2258 2435//2435
f 539//539 2331//2331 66//66
f 2350//2350 2392//2392 2317//2317
f 2268//2268 2225//2225 2253//2253
f 1508//1508 1500//1500 2371//2371
f 2360//2360 1508//1508 2371//2371
f 2371//2371 1500//1500 2387//2387
f 972//972 2366//2366 428//428
f 1626//1626 1686//1686 1358//1358
f 1759//1759 1807//1807 1819//1819
f 2277//2277 2257//2257 2245//2245
f 2277//2277 2299//2299 2257//2257
f 1784//1784 2228//2228 1736//1736
f 2265//2265 2240//2240 1736//1736
f 2228//2228 2265//2265 1736//1736
f 2265//2265 2274//2274 2240//2240
f 1209//1209 2320//2320 2307//2307
f 2320//2320 1209//1209 1216//1216
f 1555//1555 1584//1584 1560//1560
f 2387//2387 1500//1500 2372//2372
f 2410//2410 2420//2420 2442//2442
f 2433//2433 972//972 1778//1778
f 2433//2433 2366//2366 972//972
f 955//955 522//522 1225//1225
f 2339//2339 2307//2307 2274//2274
f 2372//2372 1493//1493 2387//2387
f 2411//2411 2420//2420 2410//2410
f 2420//2420 954//954 2442//2442
f 2442//2442 954//954 2141//2141
f 2344//2344 2433//2433 1778//1778
f 2205//2205 2212//2212 2218//2218
f 2328//2328 2334//2334 2351//2351
f 2394//2394 2401//2401 2414//2414
f 2250//2250 2256//2256 2271//2271
f 2339//2339 1209//1209 2307//2307
f 2328//2328 2322//2322 2323//2323
f 866//866 845//845 2425//2425
f 3//3 316//316 893//893
f 2387//2387 2411//2411 2410//2410
f 2441//2441 2141//2141 954//954
f 2141//2141 2441//2441 2258//2258
f 2354//2354 2433//2433 2344//2344
f 2254//2254 2294//2294 2270//2270
f 2269//2269 2254//2254 2270//2270
f 863//863 2305//2305 846//846
f 2441//2441 2354//2354 2258//2258
f 2258//2258 2354//2354 2344//2344
f 2319//2319 2355//2355 51//51
f 2223//2223 2228//2228 1784//1784
f 1493//1493 2411//2411 2387//2387
f 1560//1560 2449//2449 1555//1555
f 2288//2288 2324//2324 2255//2255
f 825//825 2251//2251 2238//2238
f 2251//2251 2245//2245 2238//2238
f 1299//1299 84//84 1312//1312
f 2246//2246 2265//2265 2228//2228
f 2313//2313 2274//2274 2265//2265
f 2313//2313 2339//2339 2274//2274
f 2251//2251 2277//2277 2245//2245
f 2319//2319 51//51 2331//2331
f 891//891 1862//1862 2252//2252
f 2443//2443 954//954 2420//2420
f 2443//2443 2441//2441 954//954
f 511//511 2447//2447 2439//2439
f 2242//2242 2233//2233 2211//2211
f 188//188 15//15 814//814
f 2443//2443 2426//2426 2441//2441
f 2426//2426 2354//2354 2441//2441
f 2306//2306 2403//2403 2433//2433
f 2433//2433 2403//2403 2366//2366
f 539//539 2303//2303 2331//2331
f 2246//2246 2228//2228 2223//2223
f 1030//1030 1819//1819 1807//1807
f 2354//2354 2306//2306 2433//2433
f 2413//2413 2412//2412 2376//2376
f 2438//2438 2455//2455 1888//1888
f 1848//1848 1857//1857 2176//2176
f 2207//2207 2208//2208 2223//2223
f 2208//2208 2246//2246 2223//2223
f 1209//1209 2339//2339 1217//1217
f 2339//2339 2361//2361 1217//1217
f 1221//1221 1210//1210 2388//2388
f 554//554 109//109 78//78
f 386//386 1375//1375 95//95
f 2327//2327 2326//2326 2318//2318
f 2179//2179 2182//2182 1393//1393
f 2182//2182 2208//2208 1393//1393
f 1393//1393 2208//2208 2207//2207
f 2361//2361 2399//2399 2388//2388
f 2388//2388 2399//2399 1211//1211
f 2306//2306 2354//2354 2426//2426
f 2403//2403 2359//2359 2366//2366
f 2214//2214 2226//2226 2213//2213
f 2268//2268 2253//2253 2276//2276
f 889//889 2200//2200 2179//2179
f 2200//2200 2182//2182 2179//2179
f 2200//2200 2221//2221 2182//2182
f 2221//2221 2208//2208 2182//2182
f 2314//2314 2265//2265 2246//2246
f 2314//2314 2313//2313 2265//2265
f 2339//2339 2374//2374 2361//2361
f 2478//2478 2434//2434 2379//2379
f 2205//2205 2217//2217 2199//2199
f 2208//2208 2259//2259 2246//2246
f 2259//2259 2275//2275 2246//2246
f 2314//2314 2321//2321 2313//2313
f 2313//2313 2347//2347 2339//2339
f 2347//2347 2374//2374 2339//2339
f 2374//2374 2399//2399 2361//2361
f 153//153 154//154 2426//2426
f 154//154 2306//2306 2426//2426
f 2385//2385 2359//2359 2403//2403
f 2221//2221 2259//2259 2208//2208
f 2306//2306 2357//2357 2403//2403
f 2357//2357 2385//2385 2403//2403
f 2237//2237 2256//2256 2231//2231
f 2172//2172 2180//2180 889//889
f 2180//2180 2200//2200 889//889
f 2200//2200 2201//2201 2221//2221
f 2246//2246 2291//2291 2314//2314
f 2374//2374 2444//2444 2399//2399
f 571//571 555//555 2311//2311
f 2192//2192 2205//2205 2199//2199
f 2173//2173 2180//2180 2172//2172
f 2279//2279 2246//2246 2275//2275
f 2279//2279 2291//2291 2246//2246
f 2292//2292 2314//2314 2291//2291
f 2321//2321 2362//2362 2313//2313
f 2362//2362 2347//2347 2313//2313
f 2347//2347 2389//2389 2374//2374
f 2444//2444 955//955 2437//2437
f 2292//2292 2291//2291 2279//2279
f 2452//2452 2444//2444 2374//2374
f 2054//2054 2356//2356 1996//1996
f 2338//2338 2306//2306 154//154
f 2186//2186 2192//2192 2191//2191
f 2193//2193 2201//2201 2200//2200
f 2259//2259 2221//2221 2201//2201
f 2247//2247 2259//2259 2201//2201
f 2452//2452 955//955 2444//2444
f 2278//2278 2277//2277 2251//2251
f 2338//2338 2357//2357 2306//2306
f 2181//2181 2186//2186 2185//2185
f 2276//2276 2326//2326 2281//2281
f 2432//2432 2457//2457 2446//2446
f 2198//2198 2201//2201 2193//2193
f 2198//2198 2232//2232 2201//2201
f 2232//2232 2247//2247 2201//2201
f 2389//2389 2452//2452 2374//2374
f 2452//2452 1630//1630 955//955
f 1403//1403 1749//1749 1444//1444
f 1555//1555 1996//1996 1561//1561
f 2357//2357 2427//2427 2385//2385
f 2385//2385 2428//2428 230//230
f 2409//2409 2415//2415 2424//2424
f 2304//2304 2331//2331 2299//2299
f 2193//2193 2200//2200 2180//2180
f 2445//2445 2452//2452 2389//2389
f 1565//1565 1759//1759 1927//1927
f 2380//2380 1544//1544 2370//2370
f 2338//2338 2427//2427 2357//2357
f 2427//2427 2428//2428 2385//2385
f 230//230 222//222 253//253
f 2202//2202 2198//2198 2193//2193
f 2202//2202 2209//2209 2198//2198
f 2209//2209 2241//2241 2198//2198
f 2241//2241 2232//2232 2198//2198
f 2266//2266 2275//2275 2259//2259
f 2365//2365 1340//1340 1128//1128
f 2415//2415 518//518 2424//2424
f 2338//2338 170//170 2427//2427
f 170//170 2428//2428 2427//2427
f 2181//2181 2185//2185 2177//2177
f 2196//2196 2195//2195 2189//2189
f 2183//2183 2193//2193 2180//2180
f 2453//2453 1630//1630 2452//2452
f 2197//2197 2214//2214 2189//2189
f 2401//2401 2409//2409 2414//2414
f 822//822 2220//2220 2197//2197
f 1210//1210 2361//2361 2388//2388
f 2187//2187 2193//2193 2183//2183
f 2187//2187 2202//2202 2193//2193
f 2266//2266 2279//2279 2275//2275
f 2279//2279 2300//2300 2292//2292
f 2375//2375 2347//2347 2362//2362
f 2375//2375 2390//2390 2347//2347
f 2390//2390 2389//2389 2347//2347
f 2453//2453 2452//2452 2445//2445
f 1347//1347 1630//1630 2453//2453
f 1630//1630 1347//1347 522//522
f 2220//2220 2206//2206 2197//2197
f 2262//2262 2350//2350 2286//2286
f 170//170 254//254 2428//2428
f 2457//2457 1973//1973 2446//2446
f 1973//1973 1365//1365 2446//2446
f 2174//2174 2183//2183 2180//2180
f 2194//2194 2202//2202 2187//2187
f 2222//2222 2241//2241 2209//2209
f 2222//2222 2260//2260 2241//2241
f 2266//2266 2259//2259 2247//2247
f 2390//2390 2445//2445 2389//2389
f 2264//2264 2251//2251 825//825
f 2363//2363 2368//2368 2351//2351
f 2326//2326 2393//2393 2341//2341
f 1855//1855 1850//1850 1851//1851
f 2210//2210 2209//2209 2202//2202
f 2210//2210 2222//2222 2209//2209
f 2261//2261 2260//2260 2222//2222
f 2280//2280 2279//2279 2266//2266
f 2280//2280 2300//2300 2279//2279
f 251//251 263//263 2359//2359
f 2277//2277 2304//2304 2299//2299
f 2220//2220 2230//2230 2206//2206
f 2202//2202 2194//2194 2210//2210
f 2213//2213 2243//2243 2234//2234
f 2328//2328 2327//2327 2322//2322
f 2294//2294 2310//2310 2293//2293
f 2214//2214 2196//2196 2189//2189
f 2196//2196 2213//2213 2219//2219
f 2224//2224 2222//2222 2210//2210
f 2421//2421 2390//2390 2375//2375
f 2206//2206 2230//2230 2214//2214
f 2194//2194 2203//2203 2210//2210
f 2224//2224 2261//2261 2222//2222
f 2421//2421 2445//2445 2390//2390
f 2322//2322 2327//2327 2318//2318
f 2393//2393 2408//2408 2341//2341
f 1365//1365 1973//1973 510//510
f 2216//2216 2210//2210 2203//2203
f 2216//2216 2224//2224 2210//2210
f 2266//2266 2308//2308 2280//2280
f 2280//2280 2308//2308 2300//2300
f 2407//2407 2421//2421 2375//2375
f 2175//2175 2183//2183 2174//2174
f 2194//2194 2190//2190 2203//2203
f 2454//2454 2445//2445 2421//2421
f 522//522 1347//1347 523//523
f 2456//2456 2455//2455 2423//2423
f 823//823 2197//2197 2178//2178
f 2281//2281 2333//2333 2287//2287
f 2188//2188 2187//2187 2183//2183
f 2188//2188 2190//2190 2194//2194
f 2187//2187 2188//2188 2194//2194
f 2308//2308 2315//2315 2300//2300
f 2407//2407 2375//2375 2362//2362
f 2443//2443 2420//2420 2503//2503
f 2420//2420 2411//2411 2503//2503
f 2411//2411 1493//1493 2503//2503
f 1493//1493 1487//1487 2503//2503
f 1487//1487 1318//1318 2503//2503
f 1318//1318 1320//1320 2503//2503
f 1320//1320 2443//2443 2503//2503
# 4968 faces, 0 coords texture

# End of File
